OBJECTNUMMER;Soort;Industrielawaai;WKT_LNG_LAT;WKT_LAT_LNG;LNG;LAT;
1;"50DB";"Schinkel";"POLYGON((4.836694 52.345748,4.837991 52.345773,4.839903 52.346012,4.841953 52.346059,4.842704 52.346293,4.843459 52.346472,4.844421 52.346532,4.845055 52.346461,4.846103 52.346302,4.847323 52.345988,4.848337 52.345681,4.849186 52.345288,4.850069 52.344627,4.847177 52.337516,4.842851 52.337413,4.842184 52.337724,4.841755 52.338001,4.841427 52.338325,4.841034 52.338861,4.840569 52.339637,4.837365 52.339637,4.836715 52.340377,4.836664 52.345748,4.836694 52.345748))";"POLYGON((52.345748 4.836694,52.345773 4.837991,52.346012 4.839903,52.346059 4.841953,52.346293 4.842704,52.346472 4.843459,52.346532 4.844421,52.346461 4.845055,52.346302 4.846103,52.345988 4.847323,52.345681 4.848337,52.345288 4.849186,52.344627 4.850069,52.337516 4.847177,52.337413 4.842851,52.337724 4.842184,52.338001 4.841755,52.338325 4.841427,52.338861 4.841034,52.339637 4.840569,52.339637 4.837365,52.340377 4.836715,52.345748 4.836664,52.345748 4.836694))";4.8433665;52.3419725;
2;"50DB";"Johan van Hasseltkanaal oost";"POLYGON((4.928992 52.393742,4.929086 52.393879,4.929651 52.393722,4.930852 52.39367,4.931981 52.39359,4.933332 52.393451,4.935325 52.393183,4.936145 52.393191,4.936949 52.393277,4.937717 52.393395,4.938253 52.393956,4.939112 52.393719,4.939986 52.393491,4.94022 52.393739,4.941947 52.393191,4.942241 52.393205,4.94352 52.392793,4.943647 52.392824,4.945333 52.392321,4.945642 52.392067,4.946033 52.392076,4.946418 52.391965,4.94637 52.39191,4.948469 52.391286,4.948163 52.39084,4.948555 52.390724,4.948683 52.390731,4.948887 52.39066,4.949141 52.390215,4.949361 52.390121,4.950885 52.390409,4.951609 52.389128,4.95221 52.388877,4.952936 52.388506,4.953634 52.388075,4.954235 52.387662,4.954755 52.387209,4.955357 52.386521,4.955753 52.38649,4.955704 52.386162,4.95634 52.385465,4.956884 52.38505,4.957991 52.384284,4.958338 52.383846,4.958499 52.383457,4.958577 52.382712,4.958524 52.382032,4.958279 52.381282,4.958073 52.3808,4.957015 52.379726,4.956279 52.379,4.955665 52.378491,4.954619 52.377917,4.953762 52.377575,4.951574 52.376879,4.950042 52.376469,4.948733 52.376155,4.946522 52.375833,4.942716 52.375643,4.940881 52.375413,4.939481 52.375265,4.938908 52.375293,4.938011 52.375451,4.93675 52.375624,4.935963 52.375695,4.934098 52.37582,4.931845 52.375905,4.928878 52.376068,4.927047 52.376387,4.925625 52.376807,4.924396 52.377385,4.923651 52.377777,4.92288 52.378057,4.921397 52.378522,4.917356 52.380009,4.916829 52.380364,4.91651 52.38084,4.916162 52.381624,4.915966 52.382227,4.917518 52.382619,4.917306 52.38344,4.917815 52.383492,4.917493 52.384683,4.918256 52.38518,4.918292 52.385342,4.918429 52.385504,4.9187 52.38568,4.918419 52.386036,4.918721 52.386132,4.918698 52.386262,4.919816 52.386421,4.919667 52.386998,4.920477 52.386913,4.920589 52.387333,4.919095 52.387913,4.919764 52.388569,4.920262 52.388785,4.920767 52.388592,4.92134 52.389265,4.921564 52.389497,4.922292 52.390223,4.922535 52.390413,4.923017 52.390757,4.923567 52.391082,4.924187 52.391395,4.924636 52.391582,4.924562 52.391831,4.925102 52.391875,4.925056 52.392257,4.925738 52.392313,4.926189 52.39269,4.9263 52.392632,4.927084 52.393207,4.927516 52.393601,4.927935 52.393474,4.928073 52.393646,4.92824 52.393908,4.928979 52.393739,4.928992 52.393742))";"POLYGON((52.393742 4.928992,52.393879 4.929086,52.393722 4.929651,52.39367 4.930852,52.39359 4.931981,52.393451 4.933332,52.393183 4.935325,52.393191 4.936145,52.393277 4.936949,52.393395 4.937717,52.393956 4.938253,52.393719 4.939112,52.393491 4.939986,52.393739 4.94022,52.393191 4.941947,52.393205 4.942241,52.392793 4.94352,52.392824 4.943647,52.392321 4.945333,52.392067 4.945642,52.392076 4.946033,52.391965 4.946418,52.39191 4.94637,52.391286 4.948469,52.39084 4.948163,52.390724 4.948555,52.390731 4.948683,52.39066 4.948887,52.390215 4.949141,52.390121 4.949361,52.390409 4.950885,52.389128 4.951609,52.388877 4.95221,52.388506 4.952936,52.388075 4.953634,52.387662 4.954235,52.387209 4.954755,52.386521 4.955357,52.38649 4.955753,52.386162 4.955704,52.385465 4.95634,52.38505 4.956884,52.384284 4.957991,52.383846 4.958338,52.383457 4.958499,52.382712 4.958577,52.382032 4.958524,52.381282 4.958279,52.3808 4.958073,52.379726 4.957015,52.379 4.956279,52.378491 4.955665,52.377917 4.954619,52.377575 4.953762,52.376879 4.951574,52.376469 4.950042,52.376155 4.948733,52.375833 4.946522,52.375643 4.942716,52.375413 4.940881,52.375265 4.939481,52.375293 4.938908,52.375451 4.938011,52.375624 4.93675,52.375695 4.935963,52.37582 4.934098,52.375905 4.931845,52.376068 4.928878,52.376387 4.927047,52.376807 4.925625,52.377385 4.924396,52.377777 4.923651,52.378057 4.92288,52.378522 4.921397,52.380009 4.917356,52.380364 4.916829,52.38084 4.91651,52.381624 4.916162,52.382227 4.915966,52.382619 4.917518,52.38344 4.917306,52.383492 4.917815,52.384683 4.917493,52.38518 4.918256,52.385342 4.918292,52.385504 4.918429,52.38568 4.9187,52.386036 4.918419,52.386132 4.918721,52.386262 4.918698,52.386421 4.919816,52.386998 4.919667,52.386913 4.920477,52.387333 4.920589,52.387913 4.919095,52.388569 4.919764,52.388785 4.920262,52.388592 4.920767,52.389265 4.92134,52.389497 4.921564,52.390223 4.922292,52.390413 4.922535,52.390757 4.923017,52.391082 4.923567,52.391395 4.924187,52.391582 4.924636,52.391831 4.924562,52.391875 4.925102,52.392257 4.925056,52.392313 4.925738,52.39269 4.926189,52.392632 4.9263,52.393207 4.927084,52.393601 4.927516,52.393474 4.927935,52.393646 4.928073,52.393908 4.92824,52.393739 4.928979,52.393742 4.928992))";4.9372715;52.3846105;
3;"50DB";"Cruquius";"POLYGON((4.944698 52.367498,4.944649 52.368486,4.944843 52.370297,4.944972 52.37078,4.945257 52.371169,4.945846 52.371771,4.946339 52.372318,4.947524 52.372515,4.94834 52.372667,4.949647 52.372877,4.950639 52.373051,4.951894 52.373221,4.952159 52.373253,4.953104 52.373279,4.954018 52.373295,4.955386 52.373174,4.956542 52.372964,4.957496 52.372798,4.9581 52.372647,4.958834 52.372414,4.959132 52.372252,4.959364 52.372046,4.959468 52.371843,4.959579 52.371584,4.959677 52.371132,4.959707 52.370766,4.959759 52.370342,4.959823 52.369981,4.959854 52.369572,4.959799 52.368533,4.959648 52.36732,4.959565 52.367142,4.95948 52.367005,4.959281 52.366733,4.9588 52.366329,4.95868 52.366239,4.958585 52.36618,4.958445 52.366122,4.958241 52.366058,4.957403 52.365993,4.956617 52.365906,4.954822 52.365732,4.951592 52.365437,4.950173 52.365411,4.948701 52.365427,4.948582 52.365416,4.947177 52.365421,4.946406 52.365465,4.946135 52.365505,4.94566 52.365659,4.945206 52.366123,4.944985 52.366309,4.944828 52.366686,4.944741 52.366997,4.944704 52.367313,4.944698 52.367504,4.944698 52.367498))";"POLYGON((52.367498 4.944698,52.368486 4.944649,52.370297 4.944843,52.37078 4.944972,52.371169 4.945257,52.371771 4.945846,52.372318 4.946339,52.372515 4.947524,52.372667 4.94834,52.372877 4.949647,52.373051 4.950639,52.373221 4.951894,52.373253 4.952159,52.373279 4.953104,52.373295 4.954018,52.373174 4.955386,52.372964 4.956542,52.372798 4.957496,52.372647 4.9581,52.372414 4.958834,52.372252 4.959132,52.372046 4.959364,52.371843 4.959468,52.371584 4.959579,52.371132 4.959677,52.370766 4.959707,52.370342 4.959759,52.369981 4.959823,52.369572 4.959854,52.368533 4.959799,52.36732 4.959648,52.367142 4.959565,52.367005 4.95948,52.366733 4.959281,52.366329 4.9588,52.366239 4.95868,52.36618 4.958585,52.366122 4.958445,52.366058 4.958241,52.365993 4.957403,52.365906 4.956617,52.365732 4.954822,52.365437 4.951592,52.365411 4.950173,52.365427 4.948701,52.365416 4.948582,52.365421 4.947177,52.365465 4.946406,52.365505 4.946135,52.365659 4.94566,52.366123 4.945206,52.366309 4.944985,52.366686 4.944828,52.366997 4.944741,52.367313 4.944704,52.367504 4.944698,52.367498 4.944698))";4.9522515;52.369353;
4;"50DB";"Schiphol";"POLYGON((4.70981 52.36519,4.710965 52.366103,4.711099 52.367864,4.715246 52.365502,4.714563 52.355499,4.713819 52.354859,4.713173 52.347559,4.713514 52.347561,4.713575 52.347408,4.714967 52.346617,4.715105 52.3464,4.714327 52.337767,4.715836 52.336934,4.715826 52.336802,4.715714 52.336707,4.715956 52.33656,4.715956 52.336332,4.715357 52.335868,4.715338 52.335505,4.713391 52.334108,4.719006 52.33105,4.72261 52.333571,4.725082 52.335144,4.727931 52.336777,4.731163 52.338471,4.734916 52.340488,4.738331 52.342074,4.743243 52.343742,4.748306 52.345362,4.752254 52.34624,4.755507 52.346852,4.75946 52.347396,4.763894 52.347707,4.766168 52.347617,4.768517 52.347377,4.77007 52.347071,4.771719 52.346645,4.772573 52.346355,4.77344 52.346024,4.774586 52.345659,4.775891 52.345407,4.777213 52.345129,4.779023 52.344813,4.783377 52.344455,4.788116 52.344288,4.790487 52.344247,4.792774 52.344359,4.799949 52.344421,4.803911 52.344298,4.807292 52.344076,4.812304 52.343792,4.81553 52.343498,4.817983 52.343011,4.820851 52.342167,4.823476 52.341196,4.825209 52.340396,4.826945 52.339434,4.8284 52.338594,4.830748 52.337131,4.832317 52.335835,4.834093 52.334146,4.835085 52.333269,4.836316 52.331836,4.837135 52.330635,4.838388 52.327728,4.840037 52.323051,4.841021 52.318799,4.841256 52.315471,4.841209 52.307624,4.840491 52.305099,4.839588 52.303045,4.837833 52.300402,4.834767 52.297439,4.832155 52.295334,4.830276 52.293661,4.828162 52.291214,4.825871 52.287767,4.82492 52.286255,4.823677 52.284467,4.82196 52.282351,4.821396 52.28182,4.820517 52.281174,4.819301 52.280464,4.817906 52.279872,4.815369 52.278992,4.810957 52.2784,4.803051 52.278112,4.798313 52.278151,4.792555 52.278516,4.791929 52.277884,4.790615 52.276694,4.785662 52.273308,4.779351 52.269875,4.77338 52.267181,4.766409 52.266788,4.761296 52.267088,4.758493 52.267388,4.753169 52.268276,4.747635 52.269331,4.74327 52.270301,4.737025 52.272291,4.728495 52.275358,4.725214 52.277005,4.722828 52.278466,4.720158 52.280686,4.718395 52.282376,4.716184 52.284516,4.714249 52.286859,4.712433 52.289923,4.708887 52.297025,4.708561 52.298088,4.708319 52.299704,4.708037 52.30079,4.707816 52.302136,4.707921 52.303393,4.707995 52.304668,4.708464 52.306459,4.709139 52.308013,4.709479 52.30909,4.708505 52.311919,4.707886 52.313856,4.707502 52.31665,4.708032 52.320534,4.709048 52.323165,4.710553 52.325444,4.709809 52.325476,4.709226 52.325121,4.708352 52.32517,4.707878 52.325205,4.707096 52.325581,4.706389 52.32562,4.706208 52.325757,4.70833 52.34931,4.70981 52.36519))";"POLYGON((52.36519 4.70981,52.366103 4.710965,52.367864 4.711099,52.365502 4.715246,52.355499 4.714563,52.354859 4.713819,52.347559 4.713173,52.347561 4.713514,52.347408 4.713575,52.346617 4.714967,52.3464 4.715105,52.337767 4.714327,52.336934 4.715836,52.336802 4.715826,52.336707 4.715714,52.33656 4.715956,52.336332 4.715956,52.335868 4.715357,52.335505 4.715338,52.334108 4.713391,52.33105 4.719006,52.333571 4.72261,52.335144 4.725082,52.336777 4.727931,52.338471 4.731163,52.340488 4.734916,52.342074 4.738331,52.343742 4.743243,52.345362 4.748306,52.34624 4.752254,52.346852 4.755507,52.347396 4.75946,52.347707 4.763894,52.347617 4.766168,52.347377 4.768517,52.347071 4.77007,52.346645 4.771719,52.346355 4.772573,52.346024 4.77344,52.345659 4.774586,52.345407 4.775891,52.345129 4.777213,52.344813 4.779023,52.344455 4.783377,52.344288 4.788116,52.344247 4.790487,52.344359 4.792774,52.344421 4.799949,52.344298 4.803911,52.344076 4.807292,52.343792 4.812304,52.343498 4.81553,52.343011 4.817983,52.342167 4.820851,52.341196 4.823476,52.340396 4.825209,52.339434 4.826945,52.338594 4.8284,52.337131 4.830748,52.335835 4.832317,52.334146 4.834093,52.333269 4.835085,52.331836 4.836316,52.330635 4.837135,52.327728 4.838388,52.323051 4.840037,52.318799 4.841021,52.315471 4.841256,52.307624 4.841209,52.305099 4.840491,52.303045 4.839588,52.300402 4.837833,52.297439 4.834767,52.295334 4.832155,52.293661 4.830276,52.291214 4.828162,52.287767 4.825871,52.286255 4.82492,52.284467 4.823677,52.282351 4.82196,52.28182 4.821396,52.281174 4.820517,52.280464 4.819301,52.279872 4.817906,52.278992 4.815369,52.2784 4.810957,52.278112 4.803051,52.278151 4.798313,52.278516 4.792555,52.277884 4.791929,52.276694 4.790615,52.273308 4.785662,52.269875 4.779351,52.267181 4.77338,52.266788 4.766409,52.267088 4.761296,52.267388 4.758493,52.268276 4.753169,52.269331 4.747635,52.270301 4.74327,52.272291 4.737025,52.275358 4.728495,52.277005 4.725214,52.278466 4.722828,52.280686 4.720158,52.282376 4.718395,52.284516 4.716184,52.286859 4.714249,52.289923 4.712433,52.297025 4.708887,52.298088 4.708561,52.299704 4.708319,52.30079 4.708037,52.302136 4.707816,52.303393 4.707921,52.304668 4.707995,52.306459 4.708464,52.308013 4.709139,52.30909 4.709479,52.311919 4.708505,52.313856 4.707886,52.31665 4.707502,52.320534 4.708032,52.323165 4.709048,52.325444 4.710553,52.325476 4.709809,52.325121 4.709226,52.32517 4.708352,52.325205 4.707878,52.325581 4.707096,52.32562 4.706389,52.325757 4.706208,52.34931 4.70833,52.36519 4.70981))";4.773732;52.317326;
5;"50DB";"Amstel III / Amstel Businesspark";"POLYGON((4.935357 52.325043,4.93131 52.323334,4.925847 52.321013,4.921995 52.322464,4.917243 52.323245,4.914579 52.324381,4.910119 52.330764,4.909163 52.333768,4.910492 52.336085,4.910151 52.336495,4.91083 52.336291,4.911432 52.33536,4.912305 52.332901,4.911884 52.332744,4.911981 52.330602,4.913758 52.330716,4.917575 52.331569,4.916456 52.333544,4.923871 52.335398,4.925786 52.33531,4.927693 52.335913,4.928677 52.334879,4.929151 52.334496,4.93042 52.333156,4.931085 52.332563,4.933175 52.330582,4.932556 52.32868,4.933339 52.328596,4.933228 52.328002,4.933559 52.327495,4.935357 52.325043))";"POLYGON((52.325043 4.935357,52.323334 4.93131,52.321013 4.925847,52.322464 4.921995,52.323245 4.917243,52.324381 4.914579,52.330764 4.910119,52.333768 4.909163,52.336085 4.910492,52.336495 4.910151,52.336291 4.91083,52.33536 4.911432,52.332901 4.912305,52.332744 4.911884,52.330602 4.911981,52.330716 4.913758,52.331569 4.917575,52.333544 4.916456,52.335398 4.923871,52.33531 4.925786,52.335913 4.927693,52.334879 4.928677,52.334496 4.929151,52.333156 4.93042,52.332563 4.931085,52.330582 4.933175,52.32868 4.932556,52.328596 4.933339,52.328002 4.933228,52.327495 4.933559,52.325043 4.935357))";4.92226;52.328754;
6;"50DB";"Nuon (Diemen)";"POLYGON((5.027585 52.348788,5.029298 52.348425,5.030963 52.347835,5.033277 52.346363,5.034806 52.34482,5.036116 52.343423,5.037299 52.342007,5.038214 52.339946,5.038507 52.338399,5.038351 52.336782,5.037523 52.334922,5.036582 52.333268,5.034406 52.331507,5.030657 52.329879,5.025689 52.328893,5.020607 52.328221,5.015557 52.327995,5.010287 52.328651,5.005613 52.330455,5.003299 52.331823,5.00172 52.332779,5.001206 52.333639,5.000352 52.334978,5.000286 52.336591,5.000566 52.336661,5.000711 52.33781,5.000821 52.338417,5.001375 52.339684,5.002462 52.340953,5.001503 52.341483,5.00223 52.341881,5.003328 52.341967,5.003998 52.341904,5.005173 52.342389,5.00674 52.343116,5.007743 52.343979,5.008199 52.344796,5.008459 52.345598,5.010721 52.347153,5.013012 52.348536,5.013852 52.348866,5.015101 52.34727,5.016355 52.348444,5.020951 52.34949,5.02268 52.349471,5.024013 52.349396,5.026022 52.349106,5.027585 52.348788))";"POLYGON((52.348788 5.027585,52.348425 5.029298,52.347835 5.030963,52.346363 5.033277,52.34482 5.034806,52.343423 5.036116,52.342007 5.037299,52.339946 5.038214,52.338399 5.038507,52.336782 5.038351,52.334922 5.037523,52.333268 5.036582,52.331507 5.034406,52.329879 5.030657,52.328893 5.025689,52.328221 5.020607,52.327995 5.015557,52.328651 5.010287,52.330455 5.005613,52.331823 5.003299,52.332779 5.00172,52.333639 5.001206,52.334978 5.000352,52.336591 5.000286,52.336661 5.000566,52.33781 5.000711,52.338417 5.000821,52.339684 5.001375,52.340953 5.002462,52.341483 5.001503,52.341881 5.00223,52.341967 5.003328,52.341904 5.003998,52.342389 5.005173,52.343116 5.00674,52.343979 5.007743,52.344796 5.008199,52.345598 5.008459,52.347153 5.010721,52.348536 5.013012,52.348866 5.013852,52.34727 5.015101,52.348444 5.016355,52.34949 5.020951,52.349471 5.02268,52.349396 5.024013,52.349106 5.026022,52.348788 5.027585))";5.0193965;52.3387425;
7;"50DB";"AMC Zuidoost";"POLYGON((4.951897 52.28941,4.947822 52.293961,4.959821 52.298064,4.966402 52.290854,4.958835 52.288216,4.955219 52.288121,4.951897 52.28941))";"POLYGON((52.28941 4.951897,52.293961 4.947822,52.298064 4.959821,52.290854 4.966402,52.288216 4.958835,52.288121 4.955219,52.28941 4.951897))";4.957112;52.2930925;
8;"50DB";"Cornelis Douwes";"POLYGON((4.896064 52.408688,4.895578 52.407564,4.895358 52.405702,4.894881 52.404964,4.895095 52.403966,4.892704 52.401981,4.886316 52.398518,4.885474 52.399164,4.881911 52.39734,4.881295 52.397412,4.880789 52.397485,4.880289 52.397568,4.879425 52.397741,4.878701 52.397915,4.878227 52.398044,4.877417 52.398296,4.877078 52.398413,4.8768 52.398526,4.874142 52.399779,4.873329 52.400199,4.871524 52.401177,4.870736 52.401679,4.869825 52.402412,4.86894 52.403166,4.86851 52.403549,4.867813 52.404195,4.867407 52.404588,4.866879 52.405116,4.866367 52.40565,4.865872 52.406191,4.865045 52.407149,4.86439 52.407962,4.863683 52.408901,4.8631 52.409905,4.862531 52.411062,4.862149 52.412151,4.861933 52.412927,4.86173 52.414046,4.861772 52.414838,4.861998 52.415682,4.862303 52.416233,4.862783 52.416781,4.86339 52.417308,4.864267 52.417859,4.865056 52.418205,4.86606 52.41853,4.867092 52.418768,4.867967 52.418878,4.869009 52.41895,4.869884 52.418977,4.870713 52.418917,4.871455 52.418822,4.872303 52.418694,4.873791 52.418322,4.874364 52.418124,4.874986 52.417923,4.875806 52.417609,4.877093 52.417095,4.877388 52.41711,4.878091 52.416775,4.879118 52.416318,4.879869 52.415964,4.880531 52.416504,4.88134 52.416125,4.882509 52.416177,4.885627 52.414708,4.887747 52.414919,4.889467 52.414111,4.88901 52.413747,4.893139 52.411792,4.893308 52.411804,4.894325 52.410968,4.893998 52.410175,4.89537 52.409955,4.895048 52.409053,4.896064 52.408688))";"POLYGON((52.408688 4.896064,52.407564 4.895578,52.405702 4.895358,52.404964 4.894881,52.403966 4.895095,52.401981 4.892704,52.398518 4.886316,52.399164 4.885474,52.39734 4.881911,52.397412 4.881295,52.397485 4.880789,52.397568 4.880289,52.397741 4.879425,52.397915 4.878701,52.398044 4.878227,52.398296 4.877417,52.398413 4.877078,52.398526 4.8768,52.399779 4.874142,52.400199 4.873329,52.401177 4.871524,52.401679 4.870736,52.402412 4.869825,52.403166 4.86894,52.403549 4.86851,52.404195 4.867813,52.404588 4.867407,52.405116 4.866879,52.40565 4.866367,52.406191 4.865872,52.407149 4.865045,52.407962 4.86439,52.408901 4.863683,52.409905 4.8631,52.411062 4.862531,52.412151 4.862149,52.412927 4.861933,52.414046 4.86173,52.414838 4.861772,52.415682 4.861998,52.416233 4.862303,52.416781 4.862783,52.417308 4.86339,52.417859 4.864267,52.418205 4.865056,52.41853 4.86606,52.418768 4.867092,52.418878 4.867967,52.41895 4.869009,52.418977 4.869884,52.418917 4.870713,52.418822 4.871455,52.418694 4.872303,52.418322 4.873791,52.418124 4.874364,52.417923 4.874986,52.417609 4.875806,52.417095 4.877093,52.41711 4.877388,52.416775 4.878091,52.416318 4.879118,52.415964 4.879869,52.416504 4.880531,52.416125 4.88134,52.416177 4.882509,52.414708 4.885627,52.414919 4.887747,52.414111 4.889467,52.413747 4.88901,52.411792 4.893139,52.411804 4.893308,52.410968 4.894325,52.410175 4.893998,52.409955 4.89537,52.409053 4.895048,52.408688 4.896064))";4.878897;52.4081585;
9;"50DB";"Achtersluispolder (Zaanstad)";"MULTIPOLYGON(((4.872545 52.426759,4.862448 52.41456,4.85379 52.413946,4.852646 52.413826,4.848339 52.413859,4.84653 52.413558,4.841552 52.413943,4.840501 52.413217,4.824016 52.41524,4.816871 52.413931,4.799027 52.413875,4.792939 52.420513,4.792967 52.420942,4.791786 52.422305,4.778034 52.424095,4.780186 52.43044,4.782212 52.429844,4.782497 52.430274,4.782907 52.430297,4.782905 52.430465,4.783006 52.43057,4.783382 52.430571,4.784828 52.431091,4.788246 52.431255,4.790455 52.431025,4.800908 52.431882,4.801253 52.431675,4.802021 52.431762,4.803606 52.432209,4.806142 52.433068,4.807625 52.433452,4.812506 52.434134,4.812415 52.434614,4.815033 52.435777,4.819089 52.436841,4.818888 52.437185,4.822423 52.437589,4.823568 52.437657,4.825021 52.437695,4.829301 52.436001,4.829591 52.436029,4.831095 52.435435,4.831422 52.435583,4.831637 52.435482,4.832155 52.435419,4.832987 52.434231,4.833903 52.433136,4.834894 52.432111,4.835753 52.431511,4.835936 52.431551,4.836283 52.431135,4.838542 52.430672,4.840026 52.43092,4.840289 52.430419,4.843258 52.430924,4.843573 52.431709,4.848567 52.433028,4.852154 52.433358,4.853638 52.433689,4.853489 52.43465,4.858034 52.435004,4.858854 52.435019,4.862385 52.435766,4.872545 52.426759)),((4.89373 52.411457,4.894325 52.410968,4.894207 52.410682,4.89373 52.411457)),((4.896064 52.408688,4.896057 52.408672,4.894956 52.408854,4.894832 52.409235,4.895156 52.409984,4.894532 52.410089,4.89537 52.409955,4.895048 52.409053,4.896064 52.408688)),((4.895468 52.407315,4.895578 52.407564,4.895527 52.407133,4.895468 52.407315)))";"MULTIPOLYGON(((52.426759 4.872545,52.41456 4.862448,52.413946 4.85379,52.413826 4.852646,52.413859 4.848339,52.413558 4.84653,52.413943 4.841552,52.413217 4.840501,52.41524 4.824016,52.413931 4.816871,52.413875 4.799027,52.420513 4.792939,52.420942 4.792967,52.422305 4.791786,52.424095 4.778034,52.43044 4.780186,52.429844 4.782212,52.430274 4.782497,52.430297 4.782907,52.430465 4.782905,52.43057 4.783006,52.430571 4.783382,52.431091 4.784828,52.431255 4.788246,52.431025 4.790455,52.431882 4.800908,52.431675 4.801253,52.431762 4.802021,52.432209 4.803606,52.433068 4.806142,52.433452 4.807625,52.434134 4.812506,52.434614 4.812415,52.435777 4.815033,52.436841 4.819089,52.437185 4.818888,52.437589 4.822423,52.437657 4.823568,52.437695 4.825021,52.436001 4.829301,52.436029 4.829591,52.435435 4.831095,52.435583 4.831422,52.435482 4.831637,52.435419 4.832155,52.434231 4.832987,52.433136 4.833903,52.432111 4.834894,52.431511 4.835753,52.431551 4.835936,52.431135 4.836283,52.430672 4.838542,52.43092 4.840026,52.430419 4.840289,52.430924 4.843258,52.431709 4.843573,52.433028 4.848567,52.433358 4.852154,52.433689 4.853638,52.43465 4.853489,52.435004 4.858034,52.435019 4.858854,52.435766 4.862385,52.426759 4.872545)),((52.411457 4.89373,52.410968 4.894325,52.410682 4.894207,52.411457 4.89373)),((52.408688 4.896064,52.408672 4.896057,52.408854 4.894956,52.409235 4.894832,52.409984 4.895156,52.410089 4.894532,52.409955 4.89537,52.409053 4.895048,52.408688 4.896064)),((52.407315 4.895468,52.407564 4.895578,52.407133 4.895527,52.407315 4.895468)))";4.837049;52.422414;
10;"50DB";"Hoogtij (Zaanstad)";"POLYGON((4.784818 52.429114,4.784769 52.42888,4.784772 52.428665,4.784727 52.428459,4.784751 52.428215,4.784556 52.427765,4.784405 52.427486,4.78433 52.427361,4.784282 52.427314,4.784131 52.427035,4.784013 52.426863,4.783964 52.42669,4.783949 52.426414,4.783927 52.426266,4.783808 52.425893,4.783636 52.42555,4.783439 52.425223,4.783211 52.424914,4.782955 52.424611,4.7826 52.42439,4.782244 52.424285,4.782124 52.424231,4.781624 52.424086,4.781164 52.423917,4.780652 52.4237,4.780335 52.423524,4.779777 52.423247,4.778333 52.422499,4.777987 52.422339,4.777518 52.422098,4.776157 52.421431,4.775508 52.421078,4.775153 52.420846,4.774943 52.420654,4.774858 52.420525,4.774699 52.420228,4.774551 52.420074,4.77448 52.419914,4.774221 52.419729,4.774116 52.419687,4.773641 52.419527,4.773151 52.419376,4.772645 52.419235,4.772025 52.419089,4.771561 52.418995,4.770986 52.418895,4.770558 52.41884,4.769824 52.418778,4.769673 52.418793,4.769086 52.418969,4.768695 52.419145,4.768346 52.419359,4.767915 52.419404,4.76761 52.419419,4.766875 52.419405,4.764671 52.419328,4.763937 52.419314,4.762884 52.419309,4.761732 52.419323,4.760261 52.419397,4.759525 52.419452,4.758789 52.419521,4.758053 52.419601,4.75658 52.419809,4.755106 52.420079,4.753631 52.420414,4.752893 52.420612,4.752155 52.420832,4.751417 52.421059,4.750678 52.42132,4.750617 52.421334,4.749941 52.421433,4.749732 52.42142,4.749207 52.421364,4.749066 52.421374,4.748471 52.421448,4.747732 52.421702,4.746993 52.421993,4.746253 52.422321,4.745513 52.422694,4.744772 52.423094,4.744288 52.423509,4.744028 52.423717,4.743366 52.424403,4.742958 52.42485,4.742175 52.425744,4.741786 52.426267,4.741492 52.426639,4.741216 52.427087,4.741033 52.427452,4.740726 52.427983,4.740635 52.42822,4.740534 52.428432,4.740368 52.42888,4.74007 52.429328,4.739527 52.429898,4.739137 52.430222,4.739185 52.430671,4.739307 52.431121,4.73954 52.431572,4.739824 52.431825,4.740165 52.432025,4.740788 52.432136,4.740964 52.432192,4.741338 52.432252,4.741696 52.432409,4.74181 52.432413,4.741857 52.432483,4.742015 52.433182,4.742219 52.43395,4.742471 52.434734,4.74282 52.435634,4.743231 52.43646,4.743426 52.436788,4.743851 52.437424,4.744084 52.437729,4.744583 52.438321,4.744842 52.438611,4.745387 52.439174,4.74567 52.43945,4.746253 52.439991,4.746814 52.440545,4.746889 52.440945,4.746836 52.441048,4.746793 52.441448,4.747447 52.441513,4.748233 52.441475,4.748914 52.441749,4.749111 52.441838,4.750016 52.442186,4.750991 52.442492,4.752014 52.442768,4.752574 52.442895,4.753663 52.443114,4.755388 52.443415,4.756572 52.443595,4.75771 52.443715,4.758445 52.443772,4.75918 52.44382,4.76065 52.443854,4.761386 52.443841,4.762857 52.443786,4.763593 52.443735,4.76433 52.443664,4.765066 52.443579,4.765803 52.443471,4.76654 52.443353,4.767278 52.443217,4.768015 52.443063,4.768753 52.442886,4.769491 52.442696,4.770229 52.44248,4.770968 52.442242,4.771707 52.441983,4.772446 52.441699,4.773186 52.44139,4.773926 52.441053,4.774551 52.440745,4.775407 52.440288,4.77689 52.439409,4.777631 52.438989,4.777701 52.438964,4.778369 52.438786,4.779037 52.438522,4.779851 52.437968,4.78026 52.437629,4.780595 52.437331,4.780727 52.437182,4.781442 52.436287,4.781759 52.435839,4.782039 52.435391,4.782848 52.433873,4.78301 52.433599,4.783483 52.433152,4.783743 52.432254,4.783903 52.431356,4.784046 52.430458,4.784368 52.430202,4.784649 52.430012,4.784711 52.429806,4.784762 52.429563,4.784785 52.429316,4.784818 52.429114))";"POLYGON((52.429114 4.784818,52.42888 4.784769,52.428665 4.784772,52.428459 4.784727,52.428215 4.784751,52.427765 4.784556,52.427486 4.784405,52.427361 4.78433,52.427314 4.784282,52.427035 4.784131,52.426863 4.784013,52.42669 4.783964,52.426414 4.783949,52.426266 4.783927,52.425893 4.783808,52.42555 4.783636,52.425223 4.783439,52.424914 4.783211,52.424611 4.782955,52.42439 4.7826,52.424285 4.782244,52.424231 4.782124,52.424086 4.781624,52.423917 4.781164,52.4237 4.780652,52.423524 4.780335,52.423247 4.779777,52.422499 4.778333,52.422339 4.777987,52.422098 4.777518,52.421431 4.776157,52.421078 4.775508,52.420846 4.775153,52.420654 4.774943,52.420525 4.774858,52.420228 4.774699,52.420074 4.774551,52.419914 4.77448,52.419729 4.774221,52.419687 4.774116,52.419527 4.773641,52.419376 4.773151,52.419235 4.772645,52.419089 4.772025,52.418995 4.771561,52.418895 4.770986,52.41884 4.770558,52.418778 4.769824,52.418793 4.769673,52.418969 4.769086,52.419145 4.768695,52.419359 4.768346,52.419404 4.767915,52.419419 4.76761,52.419405 4.766875,52.419328 4.764671,52.419314 4.763937,52.419309 4.762884,52.419323 4.761732,52.419397 4.760261,52.419452 4.759525,52.419521 4.758789,52.419601 4.758053,52.419809 4.75658,52.420079 4.755106,52.420414 4.753631,52.420612 4.752893,52.420832 4.752155,52.421059 4.751417,52.42132 4.750678,52.421334 4.750617,52.421433 4.749941,52.42142 4.749732,52.421364 4.749207,52.421374 4.749066,52.421448 4.748471,52.421702 4.747732,52.421993 4.746993,52.422321 4.746253,52.422694 4.745513,52.423094 4.744772,52.423509 4.744288,52.423717 4.744028,52.424403 4.743366,52.42485 4.742958,52.425744 4.742175,52.426267 4.741786,52.426639 4.741492,52.427087 4.741216,52.427452 4.741033,52.427983 4.740726,52.42822 4.740635,52.428432 4.740534,52.42888 4.740368,52.429328 4.74007,52.429898 4.739527,52.430222 4.739137,52.430671 4.739185,52.431121 4.739307,52.431572 4.73954,52.431825 4.739824,52.432025 4.740165,52.432136 4.740788,52.432192 4.740964,52.432252 4.741338,52.432409 4.741696,52.432413 4.74181,52.432483 4.741857,52.433182 4.742015,52.43395 4.742219,52.434734 4.742471,52.435634 4.74282,52.43646 4.743231,52.436788 4.743426,52.437424 4.743851,52.437729 4.744084,52.438321 4.744583,52.438611 4.744842,52.439174 4.745387,52.43945 4.74567,52.439991 4.746253,52.440545 4.746814,52.440945 4.746889,52.441048 4.746836,52.441448 4.746793,52.441513 4.747447,52.441475 4.748233,52.441749 4.748914,52.441838 4.749111,52.442186 4.750016,52.442492 4.750991,52.442768 4.752014,52.442895 4.752574,52.443114 4.753663,52.443415 4.755388,52.443595 4.756572,52.443715 4.75771,52.443772 4.758445,52.44382 4.75918,52.443854 4.76065,52.443841 4.761386,52.443786 4.762857,52.443735 4.763593,52.443664 4.76433,52.443579 4.765066,52.443471 4.765803,52.443353 4.76654,52.443217 4.767278,52.443063 4.768015,52.442886 4.768753,52.442696 4.769491,52.44248 4.770229,52.442242 4.770968,52.441983 4.771707,52.441699 4.772446,52.44139 4.773186,52.441053 4.773926,52.440745 4.774551,52.440288 4.775407,52.439409 4.77689,52.438989 4.777631,52.438964 4.777701,52.438786 4.778369,52.438522 4.779037,52.437968 4.779851,52.437629 4.78026,52.437331 4.780595,52.437182 4.780727,52.436287 4.781442,52.435839 4.781759,52.435391 4.782039,52.433873 4.782848,52.433599 4.78301,52.433152 4.783483,52.432254 4.783743,52.431356 4.783903,52.430458 4.784046,52.430202 4.784368,52.430012 4.784649,52.429806 4.784711,52.429563 4.784762,52.429316 4.784785,52.429114 4.784818))";4.7619775;52.431316;
11;"50DB";"Westpoort";"POLYGON((4.716368 52.423496,4.716524 52.42399,4.718091 52.427497,4.718241 52.427702,4.719893 52.430874,4.720076 52.431914,4.720338 52.435059,4.723171 52.436425,4.724402 52.437073,4.725445 52.437555,4.728233 52.439227,4.73275 52.440787,4.732924 52.440866,4.733341 52.440975,4.737491 52.442579,4.740068 52.443229,4.742817 52.443835,4.747404 52.444501,4.748883 52.444648,4.754748 52.445151,4.755521 52.445117,4.762105 52.445005,4.763376 52.444855,4.769467 52.444438,4.772349 52.44392,4.776126 52.443433,4.776611 52.443463,4.77753 52.443392,4.777569 52.443188,4.782792 52.442101,4.78421 52.441868,4.78709 52.441259,4.791584 52.440344,4.793903 52.439879,4.798956 52.438958,4.803043 52.438199,4.805257 52.438632,4.805729 52.437731,4.806326 52.437636,4.808012 52.437398,4.80822 52.437511,4.808481 52.437331,4.809528 52.437184,4.809681 52.437281,4.810358 52.437066,4.810752 52.437065,4.811039 52.437235,4.81131 52.437064,4.81277 52.437536,4.813726 52.437893,4.814935 52.438105,4.816046 52.438144,4.817534 52.438133,4.817686 52.438124,4.818884 52.43831,4.818974 52.438093,4.819479 52.438157,4.81954 52.437981,4.823699 52.438478,4.82569 52.438641,4.825773 52.438028,4.826597 52.438047,4.827603 52.437952,4.828631 52.438422,4.828979 52.438117,4.829293 52.437766,4.829686 52.437907,4.829942 52.438011,4.830439 52.437628,4.831101 52.43718,4.831444 52.437349,4.834436 52.43641,4.834729 52.43678,4.835458 52.436549,4.83572 52.436429,4.835906 52.43627,4.836265 52.435772,4.837874 52.435397,4.838631 52.435671,4.839292 52.435037,4.839873 52.435336,4.840374 52.435528,4.841196 52.435911,4.842609 52.435199,4.843131 52.434307,4.84574 52.433723,4.845794 52.433581,4.846146 52.433632,4.846659 52.433517,4.847164 52.433669,4.847626 52.433475,4.847802 52.43326,4.849557 52.432867,4.850303 52.432952,4.850391 52.432681,4.850885 52.432577,4.851193 52.432525,4.851518 52.432567,4.851568 52.432392,4.851818 52.43242,4.857871 52.431403,4.859913 52.431369,4.865232 52.4306,4.869912 52.428167,4.87264 52.425692,4.876768 52.423703,4.880026 52.422668,4.885222 52.419246,4.887433 52.417625,4.890422 52.415628,4.890493 52.415639,4.890525 52.415559,4.89074 52.415415,4.890787 52.415423,4.890846 52.415297,4.890903 52.415307,4.891652 52.414806,4.892369 52.414468,4.892043 52.414209,4.892219 52.41392,4.892698 52.413694,4.892469 52.413513,4.892688 52.413155,4.893287 52.412873,4.893001 52.412646,4.893086 52.412506,4.893063 52.412489,4.893312 52.412368,4.893206 52.412286,4.893463 52.412158,4.893354 52.412069,4.894191 52.410705,4.894357 52.410455,4.894274 52.410259,4.894479 52.410226,4.894534 52.410084,4.895156 52.409984,4.894832 52.409235,4.894956 52.408854,4.896068 52.40867,4.895467 52.407315,4.895528 52.407131,4.895689 52.407103,4.895602 52.406906,4.895963 52.405793,4.896718 52.405441,4.895942 52.404824,4.895867 52.401315,4.895813 52.400799,4.896089 52.396823,4.89587 52.396301,4.89504 52.394426,4.89419 52.392851,4.893499 52.392318,4.891844 52.390941,4.891547 52.390817,4.891928 52.38997,4.890314 52.389711,4.890189 52.388589,4.885748 52.388308,4.884006 52.387784,4.883881 52.387731,4.882523 52.385982,4.880797 52.38655,4.88044 52.386444,4.878646 52.385819,4.878672 52.385225,4.876659 52.385193,4.876676 52.384829,4.875222 52.384424,4.873348 52.384391,4.873372 52.384242,4.87341 52.384096,4.870326 52.383554,4.868482 52.383292,4.86812 52.383222,4.865795 52.382671,4.861704 52.381214,4.859464 52.38071,4.85882 52.380292,4.859055 52.379659,4.85755 52.379449,4.855887 52.378893,4.855551 52.379215,4.855208 52.379501,4.854936 52.379698,4.854642 52.379892,4.853959 52.379753,4.853912 52.379844,4.8532 52.379699,4.852543 52.379273,4.84511 52.377772,4.843126 52.378075,4.841397 52.377724,4.841099 52.377061,4.839527 52.377313,4.839367 52.37693,4.838259 52.377104,4.837954 52.376354,4.835395 52.376729,4.833226 52.376427,4.833196 52.376351,4.833078 52.376369,4.83306 52.376354,4.832892 52.37638,4.832132 52.376277,4.832011 52.375988,4.831618 52.376049,4.831495 52.375757,4.830515 52.375911,4.83022 52.375206,4.827775 52.375589,4.827382 52.374651,4.822957 52.375342,4.821827 52.375275,4.819707 52.37531,4.818053 52.375281,4.818001 52.375159,4.817653 52.375137,4.817361 52.375018,4.814619 52.375291,4.814392 52.374475,4.81199 52.374721,4.81204 52.374911,4.810396 52.375074,4.810405 52.375109,4.808322 52.375315,4.808145 52.374579,4.800777 52.375307,4.797349 52.375402,4.79629 52.375554,4.793851 52.37578,4.793883 52.3759,4.792445 52.376107,4.785259 52.378223,4.785073 52.378265,4.777715 52.379362,4.775201 52.379649,4.770612 52.380358,4.764035 52.381757,4.761607 52.382285,4.75839 52.383158,4.757496 52.383152,4.757492 52.383401,4.757423 52.38342,4.756741 52.383417,4.756738 52.383605,4.756539 52.38366,4.754367 52.38454,4.752087 52.385611,4.749879 52.387175,4.74805 52.388718,4.741194 52.391586,4.740819 52.391721,4.740092 52.392022,4.73343 52.394664,4.730753 52.396023,4.726031 52.398267,4.722811 52.400472,4.719477 52.404406,4.718881 52.404944,4.718571 52.405789,4.716773 52.409426,4.716529 52.410629,4.715824 52.413914,4.715447 52.418406,4.716182 52.422904,4.716368 52.423496))";"POLYGON((52.423496 4.716368,52.42399 4.716524,52.427497 4.718091,52.427702 4.718241,52.430874 4.719893,52.431914 4.720076,52.435059 4.720338,52.436425 4.723171,52.437073 4.724402,52.437555 4.725445,52.439227 4.728233,52.440787 4.73275,52.440866 4.732924,52.440975 4.733341,52.442579 4.737491,52.443229 4.740068,52.443835 4.742817,52.444501 4.747404,52.444648 4.748883,52.445151 4.754748,52.445117 4.755521,52.445005 4.762105,52.444855 4.763376,52.444438 4.769467,52.44392 4.772349,52.443433 4.776126,52.443463 4.776611,52.443392 4.77753,52.443188 4.777569,52.442101 4.782792,52.441868 4.78421,52.441259 4.78709,52.440344 4.791584,52.439879 4.793903,52.438958 4.798956,52.438199 4.803043,52.438632 4.805257,52.437731 4.805729,52.437636 4.806326,52.437398 4.808012,52.437511 4.80822,52.437331 4.808481,52.437184 4.809528,52.437281 4.809681,52.437066 4.810358,52.437065 4.810752,52.437235 4.811039,52.437064 4.81131,52.437536 4.81277,52.437893 4.813726,52.438105 4.814935,52.438144 4.816046,52.438133 4.817534,52.438124 4.817686,52.43831 4.818884,52.438093 4.818974,52.438157 4.819479,52.437981 4.81954,52.438478 4.823699,52.438641 4.82569,52.438028 4.825773,52.438047 4.826597,52.437952 4.827603,52.438422 4.828631,52.438117 4.828979,52.437766 4.829293,52.437907 4.829686,52.438011 4.829942,52.437628 4.830439,52.43718 4.831101,52.437349 4.831444,52.43641 4.834436,52.43678 4.834729,52.436549 4.835458,52.436429 4.83572,52.43627 4.835906,52.435772 4.836265,52.435397 4.837874,52.435671 4.838631,52.435037 4.839292,52.435336 4.839873,52.435528 4.840374,52.435911 4.841196,52.435199 4.842609,52.434307 4.843131,52.433723 4.84574,52.433581 4.845794,52.433632 4.846146,52.433517 4.846659,52.433669 4.847164,52.433475 4.847626,52.43326 4.847802,52.432867 4.849557,52.432952 4.850303,52.432681 4.850391,52.432577 4.850885,52.432525 4.851193,52.432567 4.851518,52.432392 4.851568,52.43242 4.851818,52.431403 4.857871,52.431369 4.859913,52.4306 4.865232,52.428167 4.869912,52.425692 4.87264,52.423703 4.876768,52.422668 4.880026,52.419246 4.885222,52.417625 4.887433,52.415628 4.890422,52.415639 4.890493,52.415559 4.890525,52.415415 4.89074,52.415423 4.890787,52.415297 4.890846,52.415307 4.890903,52.414806 4.891652,52.414468 4.892369,52.414209 4.892043,52.41392 4.892219,52.413694 4.892698,52.413513 4.892469,52.413155 4.892688,52.412873 4.893287,52.412646 4.893001,52.412506 4.893086,52.412489 4.893063,52.412368 4.893312,52.412286 4.893206,52.412158 4.893463,52.412069 4.893354,52.410705 4.894191,52.410455 4.894357,52.410259 4.894274,52.410226 4.894479,52.410084 4.894534,52.409984 4.895156,52.409235 4.894832,52.408854 4.894956,52.40867 4.896068,52.407315 4.895467,52.407131 4.895528,52.407103 4.895689,52.406906 4.895602,52.405793 4.895963,52.405441 4.896718,52.404824 4.895942,52.401315 4.895867,52.400799 4.895813,52.396823 4.896089,52.396301 4.89587,52.394426 4.89504,52.392851 4.89419,52.392318 4.893499,52.390941 4.891844,52.390817 4.891547,52.38997 4.891928,52.389711 4.890314,52.388589 4.890189,52.388308 4.885748,52.387784 4.884006,52.387731 4.883881,52.385982 4.882523,52.38655 4.880797,52.386444 4.88044,52.385819 4.878646,52.385225 4.878672,52.385193 4.876659,52.384829 4.876676,52.384424 4.875222,52.384391 4.873348,52.384242 4.873372,52.384096 4.87341,52.383554 4.870326,52.383292 4.868482,52.383222 4.86812,52.382671 4.865795,52.381214 4.861704,52.38071 4.859464,52.380292 4.85882,52.379659 4.859055,52.379449 4.85755,52.378893 4.855887,52.379215 4.855551,52.379501 4.855208,52.379698 4.854936,52.379892 4.854642,52.379753 4.853959,52.379844 4.853912,52.379699 4.8532,52.379273 4.852543,52.377772 4.84511,52.378075 4.843126,52.377724 4.841397,52.377061 4.841099,52.377313 4.839527,52.37693 4.839367,52.377104 4.838259,52.376354 4.837954,52.376729 4.835395,52.376427 4.833226,52.376351 4.833196,52.376369 4.833078,52.376354 4.83306,52.37638 4.832892,52.376277 4.832132,52.375988 4.832011,52.376049 4.831618,52.375757 4.831495,52.375911 4.830515,52.375206 4.83022,52.375589 4.827775,52.374651 4.827382,52.375342 4.822957,52.375275 4.821827,52.37531 4.819707,52.375281 4.818053,52.375159 4.818001,52.375137 4.817653,52.375018 4.817361,52.375291 4.814619,52.374475 4.814392,52.374721 4.81199,52.374911 4.81204,52.375074 4.810396,52.375109 4.810405,52.375315 4.808322,52.374579 4.808145,52.375307 4.800777,52.375402 4.797349,52.375554 4.79629,52.37578 4.793851,52.3759 4.793883,52.376107 4.792445,52.378223 4.785259,52.378265 4.785073,52.379362 4.777715,52.379649 4.775201,52.380358 4.770612,52.381757 4.764035,52.382285 4.761607,52.383158 4.75839,52.383152 4.757496,52.383401 4.757492,52.38342 4.757423,52.383417 4.756741,52.383605 4.756738,52.38366 4.756539,52.38454 4.754367,52.385611 4.752087,52.387175 4.749879,52.388718 4.74805,52.391586 4.741194,52.391721 4.740819,52.392022 4.740092,52.394664 4.73343,52.396023 4.730753,52.398267 4.726031,52.400472 4.722811,52.404406 4.719477,52.404944 4.718881,52.405789 4.718571,52.409426 4.716773,52.410629 4.716529,52.413914 4.715824,52.418406 4.715447,52.422904 4.716182,52.423496 4.716368))";4.8060825;52.409813;
12;"50DB";"Johan van Hasseltkanaal west";"POLYGON((4.915936 52.397145,4.915291 52.396731,4.915457 52.396285,4.915621 52.396229,4.915291 52.395617,4.915238 52.395367,4.915104 52.395029,4.915221 52.394468,4.914666 52.394421,4.914362 52.394035,4.913544 52.393209,4.913239 52.392816,4.91316 52.392687,4.913031 52.392196,4.912882 52.391986,4.91262 52.391769,4.912321 52.391583,4.912023 52.391435,4.91144 52.391247,4.910974 52.391123,4.910595 52.391042,4.910052 52.390977,4.909116 52.390881,4.90905 52.390728,4.908916 52.390718,4.908766 52.390468,4.908557 52.390518,4.908405 52.390411,4.908313 52.39028,4.908346 52.390093,4.908429 52.390034,4.908529 52.389982,4.908805 52.389914,4.908411 52.389043,4.908021 52.388618,4.907118 52.388145,4.906833 52.38807,4.905866 52.388061,4.903099 52.387577,4.902602 52.387534,4.901516 52.387534,4.900301 52.387315,4.900011 52.387236,4.899798 52.387109,4.902402 52.379656,4.901141 52.379582,4.900446 52.379591,4.90004 52.379613,4.899304 52.379681,4.89841 52.379804,4.897594 52.379969,4.896661 52.3802,4.895795 52.380469,4.894891 52.38083,4.89404 52.381158,4.893293 52.381518,4.892694 52.38186,4.892134 52.382279,4.891511 52.382823,4.890856 52.383603,4.89033 52.384304,4.889919 52.384319,4.889961 52.384725,4.889528 52.384748,4.889496 52.384949,4.889187 52.384956,4.889231 52.385129,4.88974 52.385105,4.889303 52.385792,4.888884 52.385824,4.88896 52.386499,4.888476 52.388032,4.888393 52.388481,4.886151 52.388336,4.885989 52.388401,4.886104 52.388628,4.88718 52.388788,4.88758 52.390006,4.886215 52.390211,4.886407 52.390673,4.888324 52.390417,4.888523 52.391267,4.889662 52.394379,4.890104 52.395233,4.890393 52.395745,4.890533 52.395934,4.89061 52.396161,4.890628 52.396427,4.890618 52.396522,4.89052 52.396855,4.890319 52.397149,4.890032 52.397417,4.889307 52.398044,4.889169 52.398225,4.88895 52.398625,4.888846 52.399044,4.888857 52.399366,4.888981 52.399693,4.889392 52.400346,4.890085 52.401053,4.890626 52.401454,4.891469 52.402002,4.892321 52.402332,4.893054 52.402569,4.894897 52.403073,4.895807 52.403347,4.897587 52.403805,4.898933 52.404097,4.899956 52.404274,4.900813 52.404413,4.902187 52.404556,4.90332 52.404573,4.904397 52.404511,4.904848 52.404447,4.905331 52.404361,4.906561 52.404038,4.907249 52.403722,4.907817 52.403325,4.908133 52.403021,4.908336 52.402719,4.908532 52.402283,4.908652 52.401713,4.908808 52.401213,4.908954 52.400991,4.90906 52.400861,4.909256 52.40065,4.90976 52.400273,4.910195 52.400072,4.910526 52.399932,4.910976 52.399785,4.911322 52.399699,4.911788 52.399562,4.912062 52.399602,4.912152 52.399379,4.912384 52.399411,4.912814 52.399236,4.913242 52.39902,4.913671 52.398741,4.91395 52.398522,4.914105 52.398541,4.91418 52.398324,4.915088 52.397416,4.915033 52.397388,4.915154 52.39723,4.915501 52.397434,4.915936 52.397145))";"POLYGON((52.397145 4.915936,52.396731 4.915291,52.396285 4.915457,52.396229 4.915621,52.395617 4.915291,52.395367 4.915238,52.395029 4.915104,52.394468 4.915221,52.394421 4.914666,52.394035 4.914362,52.393209 4.913544,52.392816 4.913239,52.392687 4.91316,52.392196 4.913031,52.391986 4.912882,52.391769 4.91262,52.391583 4.912321,52.391435 4.912023,52.391247 4.91144,52.391123 4.910974,52.391042 4.910595,52.390977 4.910052,52.390881 4.909116,52.390728 4.90905,52.390718 4.908916,52.390468 4.908766,52.390518 4.908557,52.390411 4.908405,52.39028 4.908313,52.390093 4.908346,52.390034 4.908429,52.389982 4.908529,52.389914 4.908805,52.389043 4.908411,52.388618 4.908021,52.388145 4.907118,52.38807 4.906833,52.388061 4.905866,52.387577 4.903099,52.387534 4.902602,52.387534 4.901516,52.387315 4.900301,52.387236 4.900011,52.387109 4.899798,52.379656 4.902402,52.379582 4.901141,52.379591 4.900446,52.379613 4.90004,52.379681 4.899304,52.379804 4.89841,52.379969 4.897594,52.3802 4.896661,52.380469 4.895795,52.38083 4.894891,52.381158 4.89404,52.381518 4.893293,52.38186 4.892694,52.382279 4.892134,52.382823 4.891511,52.383603 4.890856,52.384304 4.89033,52.384319 4.889919,52.384725 4.889961,52.384748 4.889528,52.384949 4.889496,52.384956 4.889187,52.385129 4.889231,52.385105 4.88974,52.385792 4.889303,52.385824 4.888884,52.386499 4.88896,52.388032 4.888476,52.388481 4.888393,52.388336 4.886151,52.388401 4.885989,52.388628 4.886104,52.388788 4.88718,52.390006 4.88758,52.390211 4.886215,52.390673 4.886407,52.390417 4.888324,52.391267 4.888523,52.394379 4.889662,52.395233 4.890104,52.395745 4.890393,52.395934 4.890533,52.396161 4.89061,52.396427 4.890628,52.396522 4.890618,52.396855 4.89052,52.397149 4.890319,52.397417 4.890032,52.398044 4.889307,52.398225 4.889169,52.398625 4.88895,52.399044 4.888846,52.399366 4.888857,52.399693 4.888981,52.400346 4.889392,52.401053 4.890085,52.401454 4.890626,52.402002 4.891469,52.402332 4.892321,52.402569 4.893054,52.403073 4.894897,52.403347 4.895807,52.403805 4.897587,52.404097 4.898933,52.404274 4.899956,52.404413 4.900813,52.404556 4.902187,52.404573 4.90332,52.404511 4.904397,52.404447 4.904848,52.404361 4.905331,52.404038 4.906561,52.403722 4.907249,52.403325 4.907817,52.403021 4.908133,52.402719 4.908336,52.402283 4.908532,52.401713 4.908652,52.401213 4.908808,52.400991 4.908954,52.400861 4.90906,52.40065 4.909256,52.400273 4.90976,52.400072 4.910195,52.399932 4.910526,52.399785 4.910976,52.399699 4.911322,52.399562 4.911788,52.399602 4.912062,52.399379 4.912152,52.399411 4.912384,52.399236 4.912814,52.39902 4.913242,52.398741 4.913671,52.398522 4.91395,52.398541 4.914105,52.398324 4.91418,52.397416 4.915088,52.397388 4.915033,52.39723 4.915154,52.397434 4.915501,52.397145 4.915936))";4.9009625;52.3920775;
13;"50DB";"Kadijken";"MULTIPOLYGON(((4.933685 52.373315,4.933535 52.372985,4.933311 52.372615,4.932774 52.37213,4.932236 52.371812,4.929331 52.370045,4.928929 52.370292,4.926556 52.368792,4.923733 52.370453,4.92295 52.370009,4.921265 52.371046,4.921999 52.371486,4.921677 52.371711,4.927571 52.375361,4.927809 52.375475,4.928064 52.375579,4.928295 52.375649,4.928601 52.375716,4.929007 52.375778,4.929921 52.375835,4.93033 52.375829,4.930706 52.375808,4.931083 52.375762,4.931506 52.375677,4.931947 52.375545,4.932445 52.37534,4.932817 52.375129,4.933097 52.374908,4.933295 52.374674,4.933515 52.374227,4.933618 52.373896,4.93367 52.373595,4.933685 52.373315)),((4.923943 52.366418,4.922109 52.365281,4.921377 52.365775,4.921315 52.365888,4.921203 52.365993,4.921066 52.366083,4.919547 52.366596,4.918862 52.366217,4.918883 52.366255,4.916765 52.366941,4.916242 52.367887,4.917221 52.368941,4.917969 52.368677,4.918301 52.368701,4.918514 52.368924,4.917762 52.369603,4.918583 52.370461,4.922047 52.370026,4.922942 52.369096,4.923564 52.36848,4.922372 52.367142,4.923076 52.366874,4.922992 52.366761,4.923943 52.366418)))";"MULTIPOLYGON(((52.373315 4.933685,52.372985 4.933535,52.372615 4.933311,52.37213 4.932774,52.371812 4.932236,52.370045 4.929331,52.370292 4.928929,52.368792 4.926556,52.370453 4.923733,52.370009 4.92295,52.371046 4.921265,52.371486 4.921999,52.371711 4.921677,52.375361 4.927571,52.375475 4.927809,52.375579 4.928064,52.375649 4.928295,52.375716 4.928601,52.375778 4.929007,52.375835 4.929921,52.375829 4.93033,52.375808 4.930706,52.375762 4.931083,52.375677 4.931506,52.375545 4.931947,52.37534 4.932445,52.375129 4.932817,52.374908 4.933097,52.374674 4.933295,52.374227 4.933515,52.373896 4.933618,52.373595 4.93367,52.373315 4.933685)),((52.366418 4.923943,52.365281 4.922109,52.365775 4.921377,52.365888 4.921315,52.365993 4.921203,52.366083 4.921066,52.366596 4.919547,52.366217 4.918862,52.366255 4.918883,52.366941 4.916765,52.367887 4.916242,52.368941 4.917221,52.368677 4.917969,52.368701 4.918301,52.368924 4.918514,52.369603 4.917762,52.370461 4.918583,52.370026 4.922047,52.369096 4.922942,52.36848 4.923564,52.367142 4.922372,52.366874 4.923076,52.366761 4.922992,52.366418 4.923943)))";4.9249635;52.370558;
14;"TERREIN";"Cornelis Douwes";"POLYGON((4.868376 52.415572,4.868499 52.415672,4.870228 52.415054,4.882609 52.409198,4.883455 52.409371,4.885085 52.408621,4.885248 52.40811,4.888022 52.406795,4.883141 52.402986,4.882433 52.403572,4.881612 52.404212,4.881169 52.404547,4.874624 52.409312,4.874886 52.409519,4.872631 52.41112,4.872089 52.411475,4.871404 52.411886,4.870145 52.412552,4.86907 52.413145,4.867679 52.413736,4.86585 52.414578,4.865764 52.414634,4.865738 52.414666,4.865732 52.414706,4.865748 52.414739,4.866615 52.415944,4.867934 52.415511,4.868147 52.415498,4.868248 52.415517,4.868376 52.415572))";"POLYGON((52.415572 4.868376,52.415672 4.868499,52.415054 4.870228,52.409198 4.882609,52.409371 4.883455,52.408621 4.885085,52.40811 4.885248,52.406795 4.888022,52.402986 4.883141,52.403572 4.882433,52.404212 4.881612,52.404547 4.881169,52.409312 4.874624,52.409519 4.874886,52.41112 4.872631,52.411475 4.872089,52.411886 4.871404,52.412552 4.870145,52.413145 4.86907,52.413736 4.867679,52.414578 4.86585,52.414634 4.865764,52.414666 4.865738,52.414706 4.865732,52.414739 4.865748,52.415944 4.866615,52.415511 4.867934,52.415498 4.868147,52.415517 4.868248,52.415572 4.868376))";4.876877;52.409465;
15;"TERREIN";"Cruquius";"POLYGON((4.950316 52.369679,4.953458 52.369691,4.952952 52.371113,4.953847 52.37183,4.954238 52.372399,4.954358 52.372458,4.95461 52.372466,4.954743 52.37243,4.954803 52.372371,4.955 52.371938,4.955617 52.369413,4.955916 52.368352,4.955905 52.368264,4.955738 52.368094,4.955343 52.367819,4.955019 52.367671,4.954623 52.367559,4.954082 52.367476,4.953576 52.367415,4.950396 52.366701,4.946319 52.366686,4.946291 52.368567,4.946299 52.36868,4.946252 52.368743,4.94615 52.368776,4.945741 52.368769,4.945694 52.368826,4.945712 52.368939,4.945702 52.36951,4.950318 52.369527,4.950316 52.369679))";"POLYGON((52.369679 4.950316,52.369691 4.953458,52.371113 4.952952,52.37183 4.953847,52.372399 4.954238,52.372458 4.954358,52.372466 4.95461,52.37243 4.954743,52.372371 4.954803,52.371938 4.955,52.369413 4.955617,52.368352 4.955916,52.368264 4.955905,52.368094 4.955738,52.367819 4.955343,52.367671 4.955019,52.367559 4.954623,52.367476 4.954082,52.367415 4.953576,52.366701 4.950396,52.366686 4.946319,52.368567 4.946291,52.36868 4.946299,52.368743 4.946252,52.368776 4.94615,52.368769 4.945741,52.368826 4.945694,52.368939 4.945712,52.36951 4.945702,52.369527 4.950318,52.369679 4.950316))";4.950805;52.369576;
16;"TERREIN";"Schinkel";"POLYGON((4.842121 52.345348,4.84538 52.34536,4.845375 52.345206,4.846738 52.345204,4.846745 52.344744,4.848883 52.344747,4.848267 52.343783,4.848064 52.343492,4.847255 52.342788,4.846586 52.341908,4.846233 52.340943,4.846177 52.340287,4.846177 52.339362,4.84576 52.339368,4.845778 52.33908,4.84332 52.339039,4.843311 52.339759,4.84212 52.339758,4.841975 52.340508,4.841845 52.341873,4.841752 52.342379,4.841629 52.343671,4.841747 52.345154,4.842121 52.345348))";"POLYGON((52.345348 4.842121,52.34536 4.84538,52.345206 4.845375,52.345204 4.846738,52.344744 4.846745,52.344747 4.848883,52.343783 4.848267,52.343492 4.848064,52.342788 4.847255,52.341908 4.846586,52.340943 4.846233,52.340287 4.846177,52.339362 4.846177,52.339368 4.84576,52.33908 4.845778,52.339039 4.84332,52.339759 4.843311,52.339758 4.84212,52.340508 4.841975,52.341873 4.841845,52.342379 4.841752,52.343671 4.841629,52.345154 4.841747,52.345348 4.842121))";4.845256;52.3421995;
17;"TERREIN";"Westpoort";"POLYGON((4.841383 52.394628,4.840938 52.394413,4.840429 52.394129,4.840109 52.393926,4.839317 52.393392,4.838783 52.393068,4.838462 52.392898,4.838203 52.392774,4.837708 52.392562,4.837321 52.392417,4.836922 52.392286,4.836512 52.392169,4.835975 52.392039,4.835518 52.391948,4.835079 52.391879,4.834635 52.391824,4.834038 52.391773,4.834055 52.391774,4.834088 52.389319,4.76326 52.389213,4.759911 52.400777,4.75975 52.400874,4.730731 52.404683,4.739879 52.431061,4.749477 52.429863,4.855515 52.416302,4.855788 52.416282,4.856224 52.416238,4.856624 52.416176,4.857497 52.416003,4.857886 52.415933,4.858692 52.415737,4.858935 52.415701,4.859238 52.415638,4.859623 52.415491,4.860086 52.415385,4.860949 52.415116,4.861532 52.414924,4.861981 52.414795,4.862481 52.414626,4.862938 52.414461,4.863364 52.414288,4.863831 52.414119,4.864916 52.413675,4.865465 52.413462,4.866165 52.413165,4.866943 52.412797,4.867328 52.412641,4.867983 52.412296,4.86795 52.412287,4.868597 52.412019,4.869053 52.411786,4.869522 52.41144,4.870256 52.411036,4.870551 52.410886,4.872075 52.410074,4.872607 52.409705,4.872828 52.409537,4.872827 52.409648,4.878882 52.405405,4.872912 52.402246,4.872912 52.40229,4.856693 52.394887,4.855513 52.394866,4.854963 52.394885,4.847133 52.394825,4.847107 52.395458,4.846749 52.395456,4.846747 52.395563,4.846717 52.395562,4.846717 52.395569,4.845213 52.395544,4.843463 52.395211,4.843236 52.395157,4.842771 52.395033,4.842304 52.394892,4.841938 52.394764,4.841508 52.394596,4.841473 52.394591,4.841434 52.394595,4.841404 52.394608,4.841383 52.394628))";"POLYGON((52.394628 4.841383,52.394413 4.840938,52.394129 4.840429,52.393926 4.840109,52.393392 4.839317,52.393068 4.838783,52.392898 4.838462,52.392774 4.838203,52.392562 4.837708,52.392417 4.837321,52.392286 4.836922,52.392169 4.836512,52.392039 4.835975,52.391948 4.835518,52.391879 4.835079,52.391824 4.834635,52.391773 4.834038,52.391774 4.834055,52.389319 4.834088,52.389213 4.76326,52.400777 4.759911,52.400874 4.75975,52.404683 4.730731,52.431061 4.739879,52.429863 4.749477,52.416302 4.855515,52.416282 4.855788,52.416238 4.856224,52.416176 4.856624,52.416003 4.857497,52.415933 4.857886,52.415737 4.858692,52.415701 4.858935,52.415638 4.859238,52.415491 4.859623,52.415385 4.860086,52.415116 4.860949,52.414924 4.861532,52.414795 4.861981,52.414626 4.862481,52.414461 4.862938,52.414288 4.863364,52.414119 4.863831,52.413675 4.864916,52.413462 4.865465,52.413165 4.866165,52.412797 4.866943,52.412641 4.867328,52.412296 4.867983,52.412287 4.86795,52.412019 4.868597,52.411786 4.869053,52.41144 4.869522,52.411036 4.870256,52.410886 4.870551,52.410074 4.872075,52.409705 4.872607,52.409537 4.872828,52.409648 4.872827,52.405405 4.878882,52.402246 4.872912,52.40229 4.872912,52.394887 4.856693,52.394866 4.855513,52.394885 4.854963,52.394825 4.847133,52.395458 4.847107,52.395456 4.846749,52.395563 4.846747,52.395562 4.846717,52.395569 4.846717,52.395544 4.845213,52.395211 4.843463,52.395157 4.843236,52.395033 4.842771,52.394892 4.842304,52.394764 4.841938,52.394596 4.841508,52.394591 4.841473,52.394595 4.841434,52.394608 4.841404,52.394628 4.841383))";4.8048065;52.410137;
18;"TERREIN";"Schiphol";"POLYGON((4.73477 52.334613,4.739671 52.33791,4.74642 52.334261,4.745998 52.329919,4.756362 52.324386,4.758284 52.325704,4.76415 52.322584,4.76647 52.323191,4.769181 52.323562,4.772282 52.323875,4.776349 52.324431,4.780222 52.324986,4.783616 52.325182,4.784801 52.32545,4.786058 52.325668,4.787316 52.325807,4.788286 52.325866,4.790259 52.324996,4.793706 52.323218,4.794981 52.324169,4.797194 52.325607,4.799923 52.324669,4.800913 52.324246,4.802005 52.323717,4.802922 52.323221,4.804293 52.322363,4.805599 52.321397,4.805823 52.321215,4.805934 52.321275,4.806385 52.320854,4.807417 52.319741,4.807954 52.319072,4.807668 52.318859,4.803509 52.31872,4.80306 52.31834,4.814058 52.312344,4.814208 52.312011,4.814296 52.311609,4.814256 52.311345,4.814178 52.311119,4.813752 52.310315,4.813222 52.309634,4.812699 52.309037,4.810493 52.307124,4.809434 52.306524,4.805284 52.305018,4.801035 52.30357,4.797759 52.302008,4.795311 52.30043,4.794833 52.300096,4.794404 52.299694,4.79405 52.298884,4.793199 52.296619,4.792464 52.294976,4.791874 52.293901,4.789551 52.291941,4.78774 52.290618,4.787349 52.290874,4.783826 52.288379,4.781606 52.289608,4.78007 52.28853,4.779926 52.28601,4.779342 52.285631,4.774304 52.285682,4.773682 52.285987,4.774029 52.290699,4.77186 52.291857,4.766011 52.287858,4.763334 52.289307,4.762433 52.290195,4.761673 52.289879,4.762268 52.289229,4.742713 52.281603,4.734048 52.286236,4.733861 52.286144,4.731325 52.287662,4.730526 52.288224,4.729719 52.288757,4.73092 52.289389,4.731927 52.290001,4.732693 52.290671,4.733612 52.292048,4.733825 52.292245,4.734092 52.292456,4.738298 52.295361,4.738655 52.295623,4.737416 52.296304,4.735617 52.297247,4.734871 52.297329,4.734464 52.298122,4.73411 52.298063,4.734122 52.298024,4.734048 52.297923,4.73382 52.297993,4.73362 52.298142,4.7316 52.299144,4.731627 52.299568,4.733444 52.319843,4.72231 52.325761,4.723932 52.326955,4.723324 52.327286,4.721681 52.326085,4.715738 52.329248,4.714873 52.328687,4.714888 52.328474,4.713863 52.327772,4.712795 52.328318,4.712386 52.328366,4.712004 52.328278,4.711645 52.328063,4.711184 52.327727,4.71101 52.32584,4.71074 52.325634,4.709838 52.325675,4.70915 52.325294,4.707891 52.325344,4.707078 52.325723,4.70643 52.325728,4.706149 52.325832,4.709696 52.365195,4.710393 52.365736,4.710898 52.366096,4.711039 52.367939,4.715161 52.365672,4.71491 52.362502,4.714274 52.355608,4.713714 52.355051,4.713134 52.347826,4.713439 52.347819,4.713474 52.347525,4.714845 52.346762,4.714987 52.346577,4.715037 52.346406,4.714273 52.337841,4.715808 52.336965,4.715567 52.336809,4.715896 52.336634,4.715863 52.336395,4.715272 52.335949,4.715262 52.335552,4.713332 52.334183,4.724641 52.328144,4.72419 52.327826,4.72463 52.327591,4.725362 52.328047,4.726237 52.327154,4.733042 52.322575,4.733718 52.322516,4.73477 52.334613))";"POLYGON((52.334613 4.73477,52.33791 4.739671,52.334261 4.74642,52.329919 4.745998,52.324386 4.756362,52.325704 4.758284,52.322584 4.76415,52.323191 4.76647,52.323562 4.769181,52.323875 4.772282,52.324431 4.776349,52.324986 4.780222,52.325182 4.783616,52.32545 4.784801,52.325668 4.786058,52.325807 4.787316,52.325866 4.788286,52.324996 4.790259,52.323218 4.793706,52.324169 4.794981,52.325607 4.797194,52.324669 4.799923,52.324246 4.800913,52.323717 4.802005,52.323221 4.802922,52.322363 4.804293,52.321397 4.805599,52.321215 4.805823,52.321275 4.805934,52.320854 4.806385,52.319741 4.807417,52.319072 4.807954,52.318859 4.807668,52.31872 4.803509,52.31834 4.80306,52.312344 4.814058,52.312011 4.814208,52.311609 4.814296,52.311345 4.814256,52.311119 4.814178,52.310315 4.813752,52.309634 4.813222,52.309037 4.812699,52.307124 4.810493,52.306524 4.809434,52.305018 4.805284,52.30357 4.801035,52.302008 4.797759,52.30043 4.795311,52.300096 4.794833,52.299694 4.794404,52.298884 4.79405,52.296619 4.793199,52.294976 4.792464,52.293901 4.791874,52.291941 4.789551,52.290618 4.78774,52.290874 4.787349,52.288379 4.783826,52.289608 4.781606,52.28853 4.78007,52.28601 4.779926,52.285631 4.779342,52.285682 4.774304,52.285987 4.773682,52.290699 4.774029,52.291857 4.77186,52.287858 4.766011,52.289307 4.763334,52.290195 4.762433,52.289879 4.761673,52.289229 4.762268,52.281603 4.742713,52.286236 4.734048,52.286144 4.733861,52.287662 4.731325,52.288224 4.730526,52.288757 4.729719,52.289389 4.73092,52.290001 4.731927,52.290671 4.732693,52.292048 4.733612,52.292245 4.733825,52.292456 4.734092,52.295361 4.738298,52.295623 4.738655,52.296304 4.737416,52.297247 4.735617,52.297329 4.734871,52.298122 4.734464,52.298063 4.73411,52.298024 4.734122,52.297923 4.734048,52.297993 4.73382,52.298142 4.73362,52.299144 4.7316,52.299568 4.731627,52.319843 4.733444,52.325761 4.72231,52.326955 4.723932,52.327286 4.723324,52.326085 4.721681,52.329248 4.715738,52.328687 4.714873,52.328474 4.714888,52.327772 4.713863,52.328318 4.712795,52.328366 4.712386,52.328278 4.712004,52.328063 4.711645,52.327727 4.711184,52.32584 4.71101,52.325634 4.71074,52.325675 4.709838,52.325294 4.70915,52.325344 4.707891,52.325723 4.707078,52.325728 4.70643,52.325832 4.706149,52.365195 4.709696,52.365736 4.710393,52.366096 4.710898,52.367939 4.711039,52.365672 4.715161,52.362502 4.71491,52.355608 4.714274,52.355051 4.713714,52.347826 4.713134,52.347819 4.713439,52.347525 4.713474,52.346762 4.714845,52.346577 4.714987,52.346406 4.715037,52.337841 4.714273,52.336965 4.715808,52.336809 4.715567,52.336634 4.715896,52.336395 4.715863,52.335949 4.715272,52.335552 4.715262,52.334183 4.713332,52.328144 4.724641,52.327826 4.72419,52.327591 4.72463,52.328047 4.725362,52.327154 4.726237,52.322575 4.733042,52.322516 4.733718,52.334613 4.73477))";4.7602225;52.324771;
19;"TERREIN";"Hoogtij (Zaanstad)";"POLYGON((4.781953 52.429301,4.781875 52.429076,4.782612 52.428994,4.782598 52.428717,4.782557 52.428717,4.781822 52.427139,4.766239 52.429153,4.766159 52.428924,4.753177 52.430598,4.752849 52.430681,4.752545 52.430793,4.752274 52.430932,4.752141 52.431019,4.752021 52.431111,4.751824 52.431312,4.751733 52.43144,4.751694 52.431521,4.751638 52.431686,4.751624 52.431753,4.751624 52.431928,4.75179 52.432383,4.753154 52.432882,4.754633 52.437083,4.755058 52.437891,4.756632 52.437688,4.756795 52.438154,4.765112 52.43708,4.768663 52.434794,4.770381 52.434573,4.770543 52.435037,4.775458 52.434396,4.775145 52.433488,4.776223 52.433329,4.775867 52.432286,4.778189 52.431969,4.778203 52.431953,4.778101 52.431675,4.778122 52.431652,4.7792 52.4315,4.779144 52.431338,4.778897 52.431274,4.778765 52.430904,4.77871 52.430884,4.778626 52.430899,4.778579 52.430892,4.778552 52.430874,4.778511 52.430802,4.778487 52.43073,4.778478 52.430656,4.778499 52.430529,4.778566 52.430407,4.778675 52.430297,4.778821 52.430205,4.778997 52.430135,4.781953 52.429301))";"POLYGON((52.429301 4.781953,52.429076 4.781875,52.428994 4.782612,52.428717 4.782598,52.428717 4.782557,52.427139 4.781822,52.429153 4.766239,52.428924 4.766159,52.430598 4.753177,52.430681 4.752849,52.430793 4.752545,52.430932 4.752274,52.431019 4.752141,52.431111 4.752021,52.431312 4.751824,52.43144 4.751733,52.431521 4.751694,52.431686 4.751638,52.431753 4.751624,52.431928 4.751624,52.432383 4.75179,52.432882 4.753154,52.437083 4.754633,52.437891 4.755058,52.437688 4.756632,52.438154 4.756795,52.43708 4.765112,52.434794 4.768663,52.434573 4.770381,52.435037 4.770543,52.434396 4.775458,52.433488 4.775145,52.433329 4.776223,52.432286 4.775867,52.431969 4.778189,52.431953 4.778203,52.431675 4.778101,52.431652 4.778122,52.4315 4.7792,52.431338 4.779144,52.431274 4.778897,52.430904 4.778765,52.430884 4.77871,52.430899 4.778626,52.430892 4.778579,52.430874 4.778552,52.430802 4.778511,52.43073 4.778487,52.430656 4.778478,52.430529 4.778499,52.430407 4.778566,52.430297 4.778675,52.430205 4.778821,52.430135 4.778997,52.429301 4.781953))";4.767118;52.4326465;
20;"TERREIN";"Wittenburg";"POLYGON((4.924049 52.370953,4.92482 52.371431,4.924895 52.371394,4.925127 52.371552,4.925053 52.37159,4.925701 52.371977,4.925763 52.371954,4.926192 52.372227,4.926141 52.372256,4.928245 52.373569,4.928281 52.373667,4.928639 52.373577,4.929107 52.373474,4.930021 52.373228,4.930441 52.373049,4.930738 52.372884,4.93106 52.37272,4.931592 52.372383,4.931866 52.372159,4.93041 52.371264,4.929989 52.371496,4.929353 52.371101,4.928957 52.371326,4.926401 52.369742,4.925522 52.370228,4.925387 52.370219,4.925052 52.370376,4.925028 52.370421,4.924049 52.370953))";"POLYGON((52.370953 4.924049,52.371431 4.92482,52.371394 4.924895,52.371552 4.925127,52.37159 4.925053,52.371977 4.925701,52.371954 4.925763,52.372227 4.926192,52.372256 4.926141,52.373569 4.928245,52.373667 4.928281,52.373577 4.928639,52.373474 4.929107,52.373228 4.930021,52.373049 4.930441,52.372884 4.930738,52.37272 4.93106,52.372383 4.931592,52.372159 4.931866,52.371264 4.93041,52.371496 4.929989,52.371101 4.929353,52.371326 4.928957,52.369742 4.926401,52.370228 4.925522,52.370219 4.925387,52.370376 4.925052,52.370421 4.925028,52.370953 4.924049))";4.9279575;52.3717045;
21;"TERREIN";"Nuon (Diemen)";"POLYGON((5.021567 52.341194,5.02207 52.341003,5.024106 52.339826,5.0245 52.339569,5.024756 52.339329,5.024477 52.338967,5.025549 52.338386,5.02835 52.339219,5.028242 52.338892,5.028091 52.338586,5.027712 52.338272,5.027434 52.337823,5.023293 52.336246,5.021585 52.335586,5.020076 52.334843,5.017755 52.333684,5.017473 52.333906,5.015283 52.333865,5.0143 52.333948,5.012547 52.33525,5.01139 52.336088,5.009358 52.337216,5.005241 52.33944,5.004815 52.339833,5.0027 52.340909,5.002701 52.341065,5.002669 52.341297,5.003314 52.341427,5.003792 52.341456,5.004691 52.341372,5.005535 52.341159,5.007336 52.340771,5.007995 52.340746,5.008682 52.340792,5.009875 52.340805,5.009607 52.341096,5.009308 52.341395,5.01103 52.342158,5.012072 52.341628,5.012631 52.342059,5.011956 52.342353,5.011955 52.342457,5.011377 52.342631,5.01242 52.343779,5.012955 52.343661,5.013771 52.343457,5.014474 52.343269,5.015263 52.343006,5.015443 52.343324,5.01548 52.343866,5.014913 52.344578,5.016003 52.345251,5.016294 52.343868,5.015642 52.342878,5.017631 52.342007,5.018079 52.342026,5.018472 52.34206,5.018782 52.341907,5.01881 52.341656,5.018814 52.341434,5.019576 52.340981,5.020864 52.340979,5.021091 52.341072,5.021567 52.341194))";"POLYGON((52.341194 5.021567,52.341003 5.02207,52.339826 5.024106,52.339569 5.0245,52.339329 5.024756,52.338967 5.024477,52.338386 5.025549,52.339219 5.02835,52.338892 5.028242,52.338586 5.028091,52.338272 5.027712,52.337823 5.027434,52.336246 5.023293,52.335586 5.021585,52.334843 5.020076,52.333684 5.017755,52.333906 5.017473,52.333865 5.015283,52.333948 5.0143,52.33525 5.012547,52.336088 5.01139,52.337216 5.009358,52.33944 5.005241,52.339833 5.004815,52.340909 5.0027,52.341065 5.002701,52.341297 5.002669,52.341427 5.003314,52.341456 5.003792,52.341372 5.004691,52.341159 5.005535,52.340771 5.007336,52.340746 5.007995,52.340792 5.008682,52.340805 5.009875,52.341096 5.009607,52.341395 5.009308,52.342158 5.01103,52.341628 5.012072,52.342059 5.012631,52.342353 5.011956,52.342457 5.011955,52.342631 5.011377,52.343779 5.01242,52.343661 5.012955,52.343457 5.013771,52.343269 5.014474,52.343006 5.015263,52.343324 5.015443,52.343866 5.01548,52.344578 5.014913,52.345251 5.016003,52.343868 5.016294,52.342878 5.015642,52.342007 5.017631,52.342026 5.018079,52.34206 5.018472,52.341907 5.018782,52.341656 5.01881,52.341434 5.018814,52.340981 5.019576,52.340979 5.020864,52.341072 5.021091,52.341194 5.021567))";5.0155095;52.3394675;
22;"TERREIN";"AMC Zuidoost";"POLYGON((4.948841 52.293524,4.957611 52.296344,4.959654 52.295853,4.962331 52.293753,4.965135 52.29078,4.958793 52.288452,4.955379 52.288426,4.952442 52.289529,4.948841 52.293524))";"POLYGON((52.293524 4.948841,52.296344 4.957611,52.295853 4.959654,52.293753 4.962331,52.29078 4.965135,52.288452 4.958793,52.288426 4.955379,52.289529 4.952442,52.293524 4.948841))";4.956988;52.292385;
23;"TERREIN";"Achtersluispolder (Zaanstad)";"MULTIPOLYGON(((4.819229 52.432293,4.819215 52.431953,4.817838 52.427782,4.817619 52.427544,4.817009 52.427327,4.816394 52.42745,4.815267 52.425606,4.812066 52.426232,4.809667 52.423597,4.798768 52.425036,4.791348 52.425991,4.786892 52.426612,4.786929 52.426683,4.785199 52.4269,4.784917 52.427161,4.784802 52.427386,4.785786 52.430253,4.786296 52.430391,4.786715 52.430337,4.786725 52.430366,4.787263 52.430296,4.787868 52.430273,4.788281 52.43037,4.788761 52.430542,4.789336 52.430578,4.789783 52.430514,4.790343 52.430291,4.791757 52.430058,4.792537 52.430066,4.792797 52.430045,4.793657 52.429631,4.794905 52.429308,4.795314 52.429266,4.795574 52.429323,4.796458 52.429815,4.79693 52.429951,4.798135 52.430082,4.799225 52.430554,4.800947 52.430914,4.80165 52.431169,4.802927 52.431384,4.804027 52.431406,4.806145 52.431333,4.809477 52.432264,4.813544 52.431793,4.813379 52.433072,4.813375 52.433319,4.813447 52.433501,4.813612 52.433661,4.813927 52.433777,4.814291 52.433799,4.815922 52.433842,4.816275 52.433844,4.816756 52.433938,4.817201 52.43404,4.817388 52.433938,4.81855 52.433071,4.81902 52.432622,4.819229 52.432293)),((4.825943 52.425736,4.825927 52.425165,4.825807 52.424656,4.824853 52.421948,4.819939 52.422588,4.818109 52.422833,4.815927 52.423174,4.815034 52.423361,4.814566 52.423817,4.816077 52.425836,4.817202 52.426929,4.818098 52.427313,4.818202 52.427304,4.818515 52.42815,4.818411 52.428164,4.8185 52.428441,4.818616 52.428418,4.819298 52.430231,4.81969 52.431667,4.82125 52.431251,4.821557 52.430695,4.821561 52.430435,4.821804 52.430372,4.821854 52.430098,4.8222 52.430114,4.822271 52.430036,4.822432 52.430101,4.822361 52.430213,4.822394 52.43031,4.822299 52.430551,4.821588 52.43102,4.821609 52.431195,4.821779 52.431394,4.822707 52.430721,4.823513 52.430097,4.824344 52.429263,4.825044 52.42829,4.825602 52.427151,4.825865 52.426413,4.825943 52.425736)),((4.822096 52.431927,4.821487 52.431657,4.820923 52.431514,4.820064 52.431729,4.819773 52.431916,4.81966 52.432164,4.819432 52.43284,4.818381 52.433652,4.818031 52.434065,4.817738 52.434283,4.817955 52.434389,4.818645 52.433829,4.820152 52.433053,4.822096 52.431927)),((4.839359 52.420589,4.839052 52.420163,4.838484 52.419808,4.83794 52.419696,4.837212 52.419678,4.833918 52.420077,4.829594 52.420642,4.829668 52.420974,4.828718 52.421099,4.828617 52.420813,4.828071 52.420857,4.82765 52.421249,4.827258 52.421392,4.827481 52.422233,4.827669 52.42387,4.827806 52.425311,4.827579 52.426833,4.826932 52.427958,4.828845 52.428497,4.829084 52.428151,4.830061 52.428147,4.832619 52.428087,4.833313 52.42628,4.834278 52.426591,4.836349 52.424289,4.836012 52.424163,4.837622 52.422295,4.838352 52.422143,4.838956 52.421607,4.839275 52.421065,4.839359 52.420589)),((4.862697 52.429673,4.862698 52.429525,4.862526 52.429417,4.862232 52.429353,4.861822 52.428875,4.861773 52.428599,4.861044 52.427908,4.860836 52.427962,4.858485 52.425856,4.857628 52.425044,4.857399 52.424618,4.857335 52.424196,4.857392 52.423751,4.857702 52.423224,4.859568 52.42086,4.859537 52.420563,4.859348 52.420362,4.85895 52.420325,4.857949 52.420003,4.857455 52.419929,4.857178 52.419924,4.856887 52.419605,4.856597 52.419213,4.85587 52.419138,4.855439 52.418966,4.854373 52.418219,4.853191 52.417772,4.849249 52.418365,4.843555 52.419113,4.843224 52.419194,4.843031 52.419397,4.842819 52.419755,4.842886 52.419956,4.843161 52.420085,4.843612 52.420108,4.843663 52.42016,4.844729 52.420185,4.844764 52.420134,4.851686 52.420386,4.851622 52.42138,4.845184 52.421203,4.844991 52.421392,4.846079 52.423206,4.847271 52.423502,4.847304 52.423661,4.848239 52.423731,4.848254 52.423952,4.849527 52.424051,4.852889 52.424173,4.853554 52.424345,4.856639 52.424456,4.856618 52.424739,4.855543 52.424724,4.855542 52.42482,4.856582 52.424856,4.856559 52.425281,4.855207 52.425261,4.85505 52.425347,4.854971 52.426203,4.854884 52.426233,4.854243 52.426179,4.854071 52.426071,4.854114 52.425363,4.853495 52.424939,4.853356 52.424914,4.848261 52.424767,4.845635 52.424057,4.845184 52.424107,4.844928 52.423726,4.844719 52.423798,4.844082 52.422738,4.841548 52.422978,4.839751 52.423195,4.839781 52.423575,4.839383 52.423562,4.839329 52.423721,4.839224 52.423762,4.839051 52.423751,4.838975 52.42432,4.838697 52.424309,4.838453 52.424425,4.838445 52.425081,4.83795 52.425859,4.837128 52.425745,4.835525 52.427822,4.836595 52.428183,4.837848 52.428328,4.838466 52.427619,4.838578 52.426967,4.839295 52.425738,4.839404 52.425355,4.83985 52.425025,4.840555 52.424837,4.841283 52.424825,4.8418 52.42505,4.842342 52.425436,4.842963 52.425661,4.847089 52.42641,4.848433 52.426339,4.848805 52.426427,4.849184 52.426588,4.849994 52.427023,4.850615 52.42725,4.851013 52.427356,4.856503 52.428503,4.862697 52.429673)),((4.860933 52.429801,4.860532 52.429726,4.857541 52.429115,4.857126 52.429072,4.856952 52.429121,4.856725 52.430167,4.856351 52.430133,4.856234 52.430901,4.857251 52.430979,4.857251 52.430955,4.860234 52.43114,4.860818 52.430463,4.860933 52.429801)))";"MULTIPOLYGON(((52.432293 4.819229,52.431953 4.819215,52.427782 4.817838,52.427544 4.817619,52.427327 4.817009,52.42745 4.816394,52.425606 4.815267,52.426232 4.812066,52.423597 4.809667,52.425036 4.798768,52.425991 4.791348,52.426612 4.786892,52.426683 4.786929,52.4269 4.785199,52.427161 4.784917,52.427386 4.784802,52.430253 4.785786,52.430391 4.786296,52.430337 4.786715,52.430366 4.786725,52.430296 4.787263,52.430273 4.787868,52.43037 4.788281,52.430542 4.788761,52.430578 4.789336,52.430514 4.789783,52.430291 4.790343,52.430058 4.791757,52.430066 4.792537,52.430045 4.792797,52.429631 4.793657,52.429308 4.794905,52.429266 4.795314,52.429323 4.795574,52.429815 4.796458,52.429951 4.79693,52.430082 4.798135,52.430554 4.799225,52.430914 4.800947,52.431169 4.80165,52.431384 4.802927,52.431406 4.804027,52.431333 4.806145,52.432264 4.809477,52.431793 4.813544,52.433072 4.813379,52.433319 4.813375,52.433501 4.813447,52.433661 4.813612,52.433777 4.813927,52.433799 4.814291,52.433842 4.815922,52.433844 4.816275,52.433938 4.816756,52.43404 4.817201,52.433938 4.817388,52.433071 4.81855,52.432622 4.81902,52.432293 4.819229)),((52.425736 4.825943,52.425165 4.825927,52.424656 4.825807,52.421948 4.824853,52.422588 4.819939,52.422833 4.818109,52.423174 4.815927,52.423361 4.815034,52.423817 4.814566,52.425836 4.816077,52.426929 4.817202,52.427313 4.818098,52.427304 4.818202,52.42815 4.818515,52.428164 4.818411,52.428441 4.8185,52.428418 4.818616,52.430231 4.819298,52.431667 4.81969,52.431251 4.82125,52.430695 4.821557,52.430435 4.821561,52.430372 4.821804,52.430098 4.821854,52.430114 4.8222,52.430036 4.822271,52.430101 4.822432,52.430213 4.822361,52.43031 4.822394,52.430551 4.822299,52.43102 4.821588,52.431195 4.821609,52.431394 4.821779,52.430721 4.822707,52.430097 4.823513,52.429263 4.824344,52.42829 4.825044,52.427151 4.825602,52.426413 4.825865,52.425736 4.825943)),((52.431927 4.822096,52.431657 4.821487,52.431514 4.820923,52.431729 4.820064,52.431916 4.819773,52.432164 4.81966,52.43284 4.819432,52.433652 4.818381,52.434065 4.818031,52.434283 4.817738,52.434389 4.817955,52.433829 4.818645,52.433053 4.820152,52.431927 4.822096)),((52.420589 4.839359,52.420163 4.839052,52.419808 4.838484,52.419696 4.83794,52.419678 4.837212,52.420077 4.833918,52.420642 4.829594,52.420974 4.829668,52.421099 4.828718,52.420813 4.828617,52.420857 4.828071,52.421249 4.82765,52.421392 4.827258,52.422233 4.827481,52.42387 4.827669,52.425311 4.827806,52.426833 4.827579,52.427958 4.826932,52.428497 4.828845,52.428151 4.829084,52.428147 4.830061,52.428087 4.832619,52.42628 4.833313,52.426591 4.834278,52.424289 4.836349,52.424163 4.836012,52.422295 4.837622,52.422143 4.838352,52.421607 4.838956,52.421065 4.839275,52.420589 4.839359)),((52.429673 4.862697,52.429525 4.862698,52.429417 4.862526,52.429353 4.862232,52.428875 4.861822,52.428599 4.861773,52.427908 4.861044,52.427962 4.860836,52.425856 4.858485,52.425044 4.857628,52.424618 4.857399,52.424196 4.857335,52.423751 4.857392,52.423224 4.857702,52.42086 4.859568,52.420563 4.859537,52.420362 4.859348,52.420325 4.85895,52.420003 4.857949,52.419929 4.857455,52.419924 4.857178,52.419605 4.856887,52.419213 4.856597,52.419138 4.85587,52.418966 4.855439,52.418219 4.854373,52.417772 4.853191,52.418365 4.849249,52.419113 4.843555,52.419194 4.843224,52.419397 4.843031,52.419755 4.842819,52.419956 4.842886,52.420085 4.843161,52.420108 4.843612,52.42016 4.843663,52.420185 4.844729,52.420134 4.844764,52.420386 4.851686,52.42138 4.851622,52.421203 4.845184,52.421392 4.844991,52.423206 4.846079,52.423502 4.847271,52.423661 4.847304,52.423731 4.848239,52.423952 4.848254,52.424051 4.849527,52.424173 4.852889,52.424345 4.853554,52.424456 4.856639,52.424739 4.856618,52.424724 4.855543,52.42482 4.855542,52.424856 4.856582,52.425281 4.856559,52.425261 4.855207,52.425347 4.85505,52.426203 4.854971,52.426233 4.854884,52.426179 4.854243,52.426071 4.854071,52.425363 4.854114,52.424939 4.853495,52.424914 4.853356,52.424767 4.848261,52.424057 4.845635,52.424107 4.845184,52.423726 4.844928,52.423798 4.844719,52.422738 4.844082,52.422978 4.841548,52.423195 4.839751,52.423575 4.839781,52.423562 4.839383,52.423721 4.839329,52.423762 4.839224,52.423751 4.839051,52.42432 4.838975,52.424309 4.838697,52.424425 4.838453,52.425081 4.838445,52.425859 4.83795,52.425745 4.837128,52.427822 4.835525,52.428183 4.836595,52.428328 4.837848,52.427619 4.838466,52.426967 4.838578,52.425738 4.839295,52.425355 4.839404,52.425025 4.83985,52.424837 4.840555,52.424825 4.841283,52.42505 4.8418,52.425436 4.842342,52.425661 4.842963,52.42641 4.847089,52.426339 4.848433,52.426427 4.848805,52.426588 4.849184,52.427023 4.849994,52.42725 4.850615,52.427356 4.851013,52.428503 4.856503,52.429673 4.862697)),((52.429801 4.860933,52.429726 4.860532,52.429115 4.857541,52.429072 4.857126,52.429121 4.856952,52.430167 4.856725,52.430133 4.856351,52.430901 4.856234,52.430979 4.857251,52.430955 4.857251,52.43114 4.860234,52.430463 4.860818,52.429801 4.860933)))";4.82375;52.4260805;
24;"TERREIN";"Johan van Hasseltkanaal west";"MULTIPOLYGON(((4.904353 52.389725,4.902754 52.389421,4.903253 52.388455,4.902434 52.388318,4.90258 52.388018,4.899401 52.387422,4.899271 52.387688,4.899078 52.387695,4.898311 52.389872,4.897608 52.389767,4.897308 52.391533,4.899772 52.391999,4.900342 52.391583,4.900498 52.391656,4.900704 52.391518,4.901676 52.391661,4.903229 52.391941,4.904353 52.389725)),((4.900735 52.400602,4.899975 52.400326,4.899666 52.400445,4.89962 52.400471,4.899593 52.4005,4.89958 52.400569,4.899595 52.400593,4.899637 52.400624,4.89978 52.400695,4.899798 52.400693,4.89989 52.400735,4.900023 52.400757,4.900086 52.400736,4.900382 52.4009,4.900735 52.400602)))";"MULTIPOLYGON(((52.389725 4.904353,52.389421 4.902754,52.388455 4.903253,52.388318 4.902434,52.388018 4.90258,52.387422 4.899401,52.387688 4.899271,52.387695 4.899078,52.389872 4.898311,52.389767 4.897608,52.391533 4.897308,52.391999 4.899772,52.391583 4.900342,52.391656 4.900498,52.391518 4.900704,52.391661 4.901676,52.391941 4.903229,52.389725 4.904353)),((52.400602 4.900735,52.400326 4.899975,52.400445 4.899666,52.400471 4.89962,52.4005 4.899593,52.400569 4.89958,52.400593 4.899595,52.400624 4.899637,52.400695 4.89978,52.400693 4.899798,52.400735 4.89989,52.400757 4.900023,52.400736 4.900086,52.4009 4.900382,52.400602 4.900735)))";4.9008305;52.394161;
25;"TERREIN";"Johan van Hasseltkanaal oost";"MULTIPOLYGON(((4.943782 52.385067,4.94375 52.384786,4.943355 52.38419,4.943184 52.383978,4.942828 52.383847,4.938438 52.383801,4.936811 52.384305,4.931687 52.383509,4.931488 52.383977,4.930329 52.384426,4.931068 52.385133,4.931045 52.385248,4.932273 52.386386,4.932672 52.386254,4.933142 52.387361,4.937485 52.386724,4.937441 52.386595,4.94313 52.385698,4.943532 52.385543,4.943731 52.385334,4.943782 52.385067)),((4.951103 52.385696,4.950763 52.383423,4.948348 52.383377,4.947619 52.383854,4.944192 52.383915,4.945088 52.386031,4.951103 52.385696)))";"MULTIPOLYGON(((52.385067 4.943782,52.384786 4.94375,52.38419 4.943355,52.383978 4.943184,52.383847 4.942828,52.383801 4.938438,52.384305 4.936811,52.383509 4.931687,52.383977 4.931488,52.384426 4.930329,52.385133 4.931068,52.385248 4.931045,52.386386 4.932273,52.386254 4.932672,52.387361 4.933142,52.386724 4.937485,52.386595 4.937441,52.385698 4.94313,52.385543 4.943532,52.385334 4.943731,52.385067 4.943782)),((52.385696 4.951103,52.383423 4.950763,52.383377 4.948348,52.383854 4.947619,52.383915 4.944192,52.386031 4.945088,52.385696 4.951103)))";4.940716;52.385369;
26;"TERREIN";"Kadijken";"MULTIPOLYGON(((4.921125 52.368103,4.920781 52.367734,4.920395 52.367868,4.920374 52.367846,4.920183 52.367918,4.920155 52.367884,4.920015 52.367935,4.920003 52.367925,4.919799 52.367997,4.919738 52.367931,4.919693 52.367946,4.919709 52.367966,4.919588 52.368008,4.919535 52.367949,4.91944 52.367982,4.920029 52.36844,4.920375 52.36833,4.920436 52.368396,4.920859 52.368249,4.920821 52.368205,4.921125 52.368103)),((4.919569 52.368618,4.919177 52.368086,4.919128 52.368085,4.918863 52.368177,4.91934 52.368695,4.919569 52.368618)))";"MULTIPOLYGON(((52.368103 4.921125,52.367734 4.920781,52.367868 4.920395,52.367846 4.920374,52.367918 4.920183,52.367884 4.920155,52.367935 4.920015,52.367925 4.920003,52.367997 4.919799,52.367931 4.919738,52.367946 4.919693,52.367966 4.919709,52.368008 4.919588,52.367949 4.919535,52.367982 4.91944,52.36844 4.920029,52.36833 4.920375,52.368396 4.920436,52.368249 4.920859,52.368205 4.920821,52.368103 4.921125)),((52.368618 4.919569,52.368086 4.919177,52.368085 4.919128,52.368177 4.918863,52.368695 4.91934,52.368618 4.919569)))";4.919994;52.3682145;
35;"TERREIN";"Amstel III / Amstel Businesspark";"POLYGON((4.93327 52.326063,4.932738 52.325851,4.932272 52.325774,4.931764 52.325728,4.926241 52.323769,4.925972 52.323625,4.925621 52.323528,4.925429 52.323531,4.925331 52.323556,4.925242 52.323587,4.925169 52.323619,4.924992 52.323659,4.924536 52.323641,4.924039 52.323621,4.92338 52.323641,4.922762 52.323717,4.921993 52.323845,4.92066 52.324147,4.919696 52.32442,4.918411 52.324828,4.918164 52.324674,4.918086 52.324705,4.917851 52.324797,4.917892 52.324839,4.914316 52.326199,4.914315 52.326298,4.914437 52.326585,4.914528 52.326712,4.914631 52.326833,4.914738 52.326944,4.914882 52.3271,4.91519 52.327358,4.915441 52.327579,4.916017 52.32789,4.916697 52.328163,4.927832 52.331847,4.93327 52.326063))";"POLYGON((52.326063 4.93327,52.325851 4.932738,52.325774 4.932272,52.325728 4.931764,52.323769 4.926241,52.323625 4.925972,52.323528 4.925621,52.323531 4.925429,52.323556 4.925331,52.323587 4.925242,52.323619 4.925169,52.323659 4.924992,52.323641 4.924536,52.323621 4.924039,52.323641 4.92338,52.323717 4.922762,52.323845 4.921993,52.324147 4.92066,52.32442 4.919696,52.324828 4.918411,52.324674 4.918164,52.324705 4.918086,52.324797 4.917851,52.324839 4.917892,52.326199 4.914316,52.326298 4.914315,52.326585 4.914437,52.326712 4.914528,52.326833 4.914631,52.326944 4.914738,52.3271 4.914882,52.327358 4.91519,52.327579 4.915441,52.32789 4.916017,52.328163 4.916697,52.331847 4.927832,52.326063 4.93327))";4.9237925;52.3276875;

